[02Jul2025 22:38:39.275] [main/INFO] [cpw.mods.modlauncher.Launcher/MODLAUNCHER]: ModLauncher running: args [--launchTarget, forgeserver, --fml.forgeVersion, 47.3.7, --fml.mcVersion, 1.20.1, --fml.forgeGroup, net.minecraftforge, --fml.mcpVersion, 20230612.114412, nogui]
[02Jul2025 22:38:39.280] [main/INFO] [cpw.mods.modlauncher.Launcher/MODLAUNCHER]: ModLauncher 10.0.9+10.0.9+main.dcd20f30 starting: java version 17.0.15 by Ubuntu; OS Linux arch amd64 version 6.8.0-1027-azure
[02Jul2025 22:38:42.653] [main/INFO] [net.minecraftforge.fml.loading.ImmediateWindowHandler/]: ImmediateWindowProvider not loading because launch target is forgeserver
[02Jul2025 22:38:42.712] [main/INFO] [mixin/]: SpongePowered MIXIN Subsystem Version=0.8.5 Source=union:/workspaces/Financial/servidor_minecraft/libraries/org/spongepowered/mixin/0.8.5/mixin-0.8.5.jar%2365!/ Service=ModLauncher Env=SERVER
[02Jul2025 22:38:43.317] [main/WARN] [net.minecraftforge.fml.loading.moddiscovery.ModFileParser/LOADING]: Mod file /workspaces/Financial/servidor_minecraft/libraries/net/minecraftforge/fmlcore/1.20.1-47.3.7/fmlcore-1.20.1-47.3.7.jar is missing mods.toml file
[02Jul2025 22:38:43.320] [main/WARN] [net.minecraftforge.fml.loading.moddiscovery.ModFileParser/LOADING]: Mod file /workspaces/Financial/servidor_minecraft/libraries/net/minecraftforge/javafmllanguage/1.20.1-47.3.7/javafmllanguage-1.20.1-47.3.7.jar is missing mods.toml file
[02Jul2025 22:38:43.321] [main/WARN] [net.minecraftforge.fml.loading.moddiscovery.ModFileParser/LOADING]: Mod file /workspaces/Financial/servidor_minecraft/libraries/net/minecraftforge/lowcodelanguage/1.20.1-47.3.7/lowcodelanguage-1.20.1-47.3.7.jar is missing mods.toml file
[02Jul2025 22:38:43.322] [main/WARN] [net.minecraftforge.fml.loading.moddiscovery.ModFileParser/LOADING]: Mod file /workspaces/Financial/servidor_minecraft/libraries/net/minecraftforge/mclanguage/1.20.1-47.3.7/mclanguage-1.20.1-47.3.7.jar is missing mods.toml file
[02Jul2025 22:38:43.857] [main/WARN] [net.minecraftforge.jarjar.selection.JarSelector/]: Attempted to select two dependency jars from JarJar which have the same identification: Mod File:  and Mod File: . Using Mod File: 
[02Jul2025 22:38:43.859] [main/INFO] [net.minecraftforge.fml.loading.moddiscovery.JarInJarDependencyLocator/]: Found 21 dependencies adding them to mods collection
[02Jul2025 22:38:48.718] [main/INFO] [mixin/]: Compatibility level set to JAVA_17
[02Jul2025 22:38:48.780] [main/ERROR] [mixin/]: Mixin config fabric-data-attachment-api-v1.mixins.json does not specify "minVersion" property
[02Jul2025 22:38:48.783] [main/ERROR] [mixin/]: Mixin config fabric-data-attachment-api-v1.client.mixins.json does not specify "minVersion" property
[02Jul2025 22:38:49.220] [main/INFO] [mixin/]: Successfully loaded Mixin Connector [com.sonicether.soundphysics.MixinConnector]
[02Jul2025 22:38:49.224] [main/INFO] [cpw.mods.modlauncher.LaunchServiceHandler/MODLAUNCHER]: Launching target 'forgeserver' with arguments [nogui]
[02Jul2025 22:38:49.446] [main/WARN] [mixin/]: Reference map 'cobweb.refmap.json' for cobweb.mixins.json could not be read. If this is a development environment you can ignore this message
[02Jul2025 22:38:49.449] [main/WARN] [mixin/]: Reference map 'cobweb.refmap.json' for cobweb.forge.mixins.json could not be read. If this is a development environment you can ignore this message
[02Jul2025 22:38:49.500] [main/WARN] [mixin/]: Reference map 'yungsextras.refmap.json' for yungsextras.mixins.json could not be read. If this is a development environment you can ignore this message
[02Jul2025 22:38:49.505] [main/WARN] [mixin/]: Reference map 'yungsextras.refmap.json' for yungsextras_forge.mixins.json could not be read. If this is a development environment you can ignore this message
[02Jul2025 22:38:49.554] [main/WARN] [mixin/]: Reference map 'harvest_with_ease.refmap.json' for harvest_with_ease.mixins.json could not be read. If this is a development environment you can ignore this message
[02Jul2025 22:38:49.557] [main/WARN] [mixin/]: Reference map 'harvest_with_ease.refmap.json' for harvest_with_ease.forge.mixins.json could not be read. If this is a development environment you can ignore this message
[02Jul2025 22:38:49.580] [main/WARN] [mixin/]: Reference map 'EpheroLib-refmap.json' for epherolib.mixins.json could not be read. If this is a development environment you can ignore this message
[02Jul2025 22:38:49.726] [main/WARN] [mixin/]: Reference map 'coroutil.refmap.json' for coroutil.mixins.json could not be read. If this is a development environment you can ignore this message
[02Jul2025 22:38:49.781] [main/INFO] [Puzzles Lib/]: Loading 126 mods:
	- accessories 1.0.0-beta46+1.20.1
	- ad_astra 1.15.20
	- advancementplaques 1.6.9
	- ae2 15.4.5
	- alexsmobs 1.22.9
	- ambientsounds 6.1.11
	- amendments 1.20-1.2.19
	- apocalypsenow 3.0.5
	- appleskin 2.5.1+mc1.20.1
	- architectury 9.2.14
	- artifacts 9.5.16
	- athena 3.1.1
	- atistructures 1.4.0
	- balm 7.3.31
	- bettercombat 1.8.6+1.20.1
	- betterdeserttemples 1.20-Forge-3.0.3
	- betterdungeons 1.20-Forge-4.0.3
	- betterendisland 1.20-Forge-2.0.5
	- betterfortresses 1.20-Forge-2.0.5
	- betterjungletemples 1.20-Forge-2.0.4
	- bettermineshafts 1.20-Forge-4.0.4
	- betteroceanmonuments 1.20-Forge-3.0.4
	- betterstrongholds 1.20-Forge-4.0.3
	- betterwitchhuts 1.20-Forge-3.0.3
	- biomesoplenty 19.0.0.96
	- botania 1.20.1-448-FORGE
	- botarium 2.3.4
	- carryon 2.1.2.7
	- cfm 7.0.0-pre36
	- citadel 2.6.1
	- cloth_config 11.1.136
	- clumps 12.0.0.4
	- cobweb 1.0.1
	- configured 2.2.3
	- connectedglass 1.1.13
	- coroutil 1.20.1-1.3.7
	- corpse 1.20.1-1.0.21
	- cosmeticarmorreworked 1.20.1-v1a
	- create 6.0.6
	- creativecore 2.12.32
	- croptopia 3.0.4
	- curios 5.14.1+1.20.1
	- cyclopscore 1.20.1
	- decorative_blocks 4.1.3
	- disenchanting 2.2.3
	- dungeoncrawl 2.3.15
	- dungeons_arise_seven_seas 1.0.2
	- easyanvils 8.0.2
	- elevatorid 1.20.1-lex-1.9
	- enchantinginfuser 8.0.3
	- epherolib 0.1.2
	- evilcraft 1.2.54
	- evilcraftcompat 1.2.54
	- expandability 9.0.4
	- fabric_api_base 0.4.31+ef105b4977
	- fabric_data_attachment_api_v1 1.0.0+30ef839e77
	- fabric_entity_events_v1 1.6.0+6274ab9d77
	- fabric_object_builder_api_v1 11.1.3+2174fc8477
	- fallingtree 4.3.4
	- farmersdelight 1.20.1-1.2.8
	- firstaid 1.20.1-1.1
	- flywheel 1.0.4
	- forge 47.3.7
	- framework 0.7.15
	- fusion 1.2.7+b
	- glitchcore 0.0.1.1
	- goblintraders 1.9.3
	- guideapi_vp 2.2.6
	- guideme 20.1.11
	- harvest_with_ease 9.4.0
	- iceandfire 2.1.13-1.20.1
	- iceberg 1.1.21
	- incendium 5.3.5
	- inventorysorter 23.0.8
	- ironfurnaces 4.1.6
	- jade 11.13.1+forge
	- jei 15.20.0.112
	- justzoom 2.1.1
	- konkrete 1.8.0
	- kuma_api 20.1.10
	- lootr 0.7.35.91
	- mekanism 10.4.15
	- mekanismgenerators 10.4.15
	- minecraft 1.20.1
	- mixinextras 0.4.1
	- mixinsquared 0.1.1
	- moonlight 1.20-2.14.8
	- mr_dungeons_andtaverns 3.0.3.f
	- multimine 1.20.1.4
	- paraglider 20.1.3
	- patchouli 1.20.1-84.1-FORGE
	- playeranimator 1.0.2-rc1+1.20
	- playerrevive 2.0.31
	- ponder 1.0.80
	- portablemobs 1.2.0
	- puzzlesaccessapi 8.0.7
	- puzzleslib 8.1.17
	- quark 4.0-462
	- recipes_unlocked 7.0.0
	- resourcefulconfig 2.1.3
	- resourcefullib 2.1.29
	- securitycraft 1.10.0.1
	- skin_changer 0.6.6
	- sodiumdynamiclights 1.0.9
	- sophisticatedbackpacks 3.23.19.1263
	- sophisticatedcore 1.2.70.1018
	- sophisticatedstorage 1.3.50.1178
	- sound_physics_remastered 1.20.1-1.4.10
	- supermartijn642corelib 1.1.18
	- supplementaries 1.20-3.1.31
	- teamlapenlib 1.10.13
	- terrablender 3.0.1.10
	- the_bumblezone 7.7.3+1.20.1-forge
	- torchmaster 20.1.9
	- travelersbackpack 9.1.38
	- twilightforest 4.3.2508
	- vampirism 1.10.13
	- voicechat 1.20.1-2.5.30
	- watut 1.20.1-1.0.11
	- waystones 14.1.13
	- xaerominimap 24.1.1
	- xaeroworldmap 1.38.8
	- yungsapi 1.20-Forge-4.0.4
	- yungsbridges 1.20-Forge-4.0.3
	- yungsextras 1.20-Forge-4.0.3
	- zeta 1.0-30
[02Jul2025 22:38:51.582] [main/ERROR] [net.minecraftforge.fml.loading.RuntimeDistCleaner/DISTXFORM]: Attempted to load class net/minecraft/client/renderer/LevelRenderer for invalid dist DEDICATED_SERVER
[02Jul2025 22:38:51.583] [main/WARN] [mixin/]: Error loading class: net/minecraft/client/renderer/LevelRenderer (java.lang.RuntimeException: Attempted to load class net/minecraft/client/renderer/LevelRenderer for invalid dist DEDICATED_SERVER)
[02Jul2025 22:38:51.583] [main/WARN] [mixin/]: @Mixin target net.minecraft.client.renderer.LevelRenderer was not found accessories-common.mixins.json:LevelRendererAccessor
[02Jul2025 22:38:53.405] [main/INFO] [MixinExtras|Service/]: Initializing MixinExtras via com.llamalad7.mixinextras.service.MixinExtrasServiceImpl(version=0.4.1).
[02Jul2025 22:39:00.694] [main/WARN] [mixin/]: @Inject(@At("INVOKE")) Shift.BY=2 on accessories-common.mixins.json:NbtCompoundMixin::handler$zhd000$adjustCheckForListVariants exceeds the maximum allowed value: 0. Increase the value of maxShiftBy to suppress this warning.
[02Jul2025 22:39:05.367] [modloading-worker-0/INFO] [atomicstryker.multimine.common.MultiMine/]: mod instantiated
[02Jul2025 22:39:05.373] [modloading-worker-0/INFO] [atomicstryker.multimine.common.MultiMine/]: MultiMineServer initializing
[02Jul2025 22:39:05.414] [modloading-worker-0/INFO] [Puzzles Lib/]: Constructing common components for easyanvils:main
[02Jul2025 22:39:06.504] [modloading-worker-0/INFO] [de.keksuccino.konkrete.Konkrete/]: [KONKRETE] Successfully initialized!
[02Jul2025 22:39:06.504] [modloading-worker-0/INFO] [de.keksuccino.konkrete.Konkrete/]: [KONKRETE] Server-side libs ready to use!
[02Jul2025 22:39:06.811] [modloading-worker-0/INFO] [ironfurnaces.IronFurnaces/]: Initializing Update Checker...
[02Jul2025 22:39:06.814] [ Iron Furnaces Update Checker/INFO] [ironfurnaces.IronFurnaces/]: Starting Update Check...
[02Jul2025 22:39:07.232] [modloading-worker-0/WARN] [yungsapi/]: WARNING: block Block{minecraft:iron_ore} added to BlockStateRandomizer exceeds max probabiltiy of 1!
[02Jul2025 22:39:07.823] [modloading-worker-0/INFO] [dev.architectury.networking.forge.NetworkManagerImpl/]: Registering C2S receiver with id architectury:sync_ids
[02Jul2025 22:39:07.895] [ Iron Furnaces Update Checker/INFO] [ironfurnaces.IronFurnaces/]: Update Check done!
[02Jul2025 22:39:07.895] [ Iron Furnaces Update Checker/INFO] [ironfurnaces.IronFurnaces/]: Iron Furnaces is up to date!
[02Jul2025 22:39:08.509] [modloading-worker-0/INFO] [Puzzles Lib/]: Constructing common components for enchantinginfuser:main
[02Jul2025 22:39:09.643] [modloading-worker-0/INFO] [dev.architectury.networking.forge.NetworkManagerImpl/]: Registering C2S receiver with id artifacts:networking_channel/42a7ad70b1cc371599a0eff744096b8a
[02Jul2025 22:39:09.646] [modloading-worker-0/INFO] [dev.architectury.networking.forge.NetworkManagerImpl/]: Registering C2S receiver with id artifacts:networking_channel/74a5e841822a3a87854ae896a33430d6
[02Jul2025 22:39:09.651] [modloading-worker-0/INFO] [dev.architectury.networking.forge.NetworkManagerImpl/]: Registering C2S receiver with id artifacts:networking_channel/eb3d1e2748533430848cadf0f37c7e9c
[02Jul2025 22:39:09.655] [modloading-worker-0/INFO] [dev.architectury.networking.forge.NetworkManagerImpl/]: Registering C2S receiver with id artifacts:networking_channel/91c8520f19f93b3e8b6a727568e194ab
[02Jul2025 22:39:09.657] [modloading-worker-0/INFO] [dev.architectury.networking.forge.NetworkManagerImpl/]: Registering C2S receiver with id artifacts:networking_channel/8c2784d778293fd482ed84b8aa5fedb9
[02Jul2025 22:39:09.666] [modloading-worker-0/INFO] [dev.architectury.networking.forge.NetworkManagerImpl/]: Registering C2S receiver with id artifacts:networking_channel/ea038224ea783d40b2863f52239e2604
[02Jul2025 22:39:09.670] [modloading-worker-0/INFO] [dev.architectury.networking.forge.NetworkManagerImpl/]: Registering C2S receiver with id artifacts:networking_channel/97ad64b7ecaf33209991c4f031501a58
[02Jul2025 22:39:09.834] [modloading-worker-0/INFO] [Dungeon Crawl/]: Here we go! Launching Dungeon Crawl 2.3.15...
[02Jul2025 22:39:10.016] [modloading-worker-0/INFO] [coroutil/]: forge loader environment detected
[02Jul2025 22:39:10.049] [modloading-worker-0/INFO] [net.minecraftforge.common.ForgeMod/FORGEMOD]: Forge mod loading, version 47.3.7, for MC 1.20.1 with MCP 20230612.114412
[02Jul2025 22:39:10.054] [modloading-worker-0/INFO] [net.minecraftforge.common.MinecraftForge/FORGE]: MinecraftForge v47.3.7 Initialized
[02Jul2025 22:39:10.695] [modloading-worker-0/INFO] [com.simibubi.create.Create/]: Create 6.0.6 initializing! Commit hash: 338bfa0aec952fa51656e8f61bd621ca9b3b2e00
[02Jul2025 22:39:11.352] [modloading-worker-0/INFO] [com.epherical.epherolib.config.CommonConfig/]: Creating default config file: croptopia_v3.conf
[02Jul2025 22:39:11.360] [modloading-worker-0/INFO] [com.epherical.epherolib.config.CommonConfig/]: Created directory for: /workspaces/Financial/servidor_minecraft/config/croptopia
[02Jul2025 22:39:12.212] [modloading-worker-0/INFO] [zeta/]: Doing super early config setup for zeta
[02Jul2025 22:39:12.388] [modloading-worker-0/INFO] [de.teamlapen.vampirism.config.BalanceConfig/]: IceAndFire is loaded -> Adjusting default fire related configuration.
[02Jul2025 22:39:12.495] [modloading-worker-0/INFO] [quark/]: Initializing TerraBlender underground biome compat
[02Jul2025 22:39:13.141] [modloading-worker-0/INFO] [quark-zeta/]: Discovered 164 modules to load.
[02Jul2025 22:39:13.141] [modloading-worker-0/INFO] [quark-zeta/]: Constructing module Abacus...
[02Jul2025 22:39:13.160] [modloading-worker-0/INFO] [quark-zeta/]: Constructing module Adjustable Chat...
[02Jul2025 22:39:13.163] [modloading-worker-0/INFO] [quark-zeta/]: Constructing module Ambient Discs...
[02Jul2025 22:39:13.164] [modloading-worker-0/INFO] [quark-zeta/]: Constructing module Ancient Tomes...
[02Jul2025 22:39:13.190] [modloading-worker-0/INFO] [quark-zeta/]: Constructing module Ancient Wood...
[02Jul2025 22:39:13.211] [modloading-worker-0/INFO] [quark-zeta/]: Constructing module Armed Armor Stands...
[02Jul2025 22:39:13.213] [modloading-worker-0/INFO] [quark-zeta/]: Constructing module Auto Walk Keybind...
[02Jul2025 22:39:13.213] [modloading-worker-0/INFO] [quark-zeta/]: Constructing module Automatic Recipe Unlock...
[02Jul2025 22:39:13.217] [modloading-worker-0/INFO] [quark-zeta/]: Constructing module Automatic Tool Restock...
[02Jul2025 22:39:13.225] [modloading-worker-0/INFO] [quark-zeta/]: Constructing module Azalea Wood...
[02Jul2025 22:39:13.225] [modloading-worker-0/INFO] [quark-zeta/]: Constructing module Back Button Keybind...
[02Jul2025 22:39:13.226] [modloading-worker-0/INFO] [quark-zeta/]: Constructing module Backpack...
[02Jul2025 22:39:13.242] [modloading-worker-0/INFO] [quark-zeta/]: Constructing module Beacon Redirection...
[02Jul2025 22:39:13.245] [modloading-worker-0/INFO] [quark-zeta/]: Constructing module Better Elytra Rocket...
[02Jul2025 22:39:13.247] [modloading-worker-0/INFO] [quark-zeta/]: Constructing module Big Stone Clusters...
[02Jul2025 22:39:13.266] [modloading-worker-0/INFO] [quark-zeta/]: Constructing module Blossom Trees...
[02Jul2025 22:39:13.270] [modloading-worker-0/INFO] [quark-zeta/]: Constructing module Bottled Cloud...
[02Jul2025 22:39:13.275] [modloading-worker-0/INFO] [quark-zeta/]: Constructing module Buckets Show Inhabitants...
[02Jul2025 22:39:13.276] [modloading-worker-0/INFO] [quark-zeta/]: Constructing module Camera...
[02Jul2025 22:39:13.278] [modloading-worker-0/INFO] [quark-zeta/]: Constructing module Campfires Boost Elytra...
[02Jul2025 22:39:13.280] [modloading-worker-0/INFO] [quark-zeta/]: Constructing module Celebratory Lamps...
[02Jul2025 22:39:13.281] [modloading-worker-0/INFO] [quark-zeta/]: Constructing module Chains Connect Blocks...
[02Jul2025 22:39:13.281] [modloading-worker-0/INFO] [quark-zeta/]: Constructing module Chest Searching...
[02Jul2025 22:39:13.283] [modloading-worker-0/INFO] [quark-zeta/]: Constructing module Chorus Vegetation...
[02Jul2025 22:39:13.286] [modloading-worker-0/INFO] [quark-zeta/]: Constructing module Chute...
[02Jul2025 22:39:13.290] [modloading-worker-0/INFO] [quark-zeta/]: Constructing module Climate Control Remover...
[02Jul2025 22:39:13.291] [modloading-worker-0/INFO] [quark-zeta/]: Constructing module Color Runes...
[02Jul2025 22:39:13.294] [modloading-worker-0/INFO] [quark-zeta/]: Constructing module Compasses Work Everywhere...
[02Jul2025 22:39:13.295] [modloading-worker-0/INFO] [quark-zeta/]: Constructing module Compressed Blocks...
[02Jul2025 22:39:13.297] [modloading-worker-0/INFO] [quark-zeta/]: Constructing module Coral On Cactus...
[02Jul2025 22:39:13.299] [modloading-worker-0/INFO] [quark-zeta/]: Constructing module Corundum...
[02Jul2025 22:39:13.366] [modloading-worker-0/INFO] [quark-zeta/]: Constructing module Crabs...
[02Jul2025 22:39:13.370] [modloading-worker-0/INFO] [quark-zeta/]: Constructing module Crafter...
[02Jul2025 22:39:13.374] [modloading-worker-0/INFO] [quark-zeta/]: Constructing module Crate...
[02Jul2025 22:39:13.376] [modloading-worker-0/INFO] [quark-zeta/]: Constructing module Diamond Repair...
[02Jul2025 22:39:13.377] [modloading-worker-0/INFO] [quark-zeta/]: Constructing module Dispensers Place Blocks...
[02Jul2025 22:39:13.378] [modloading-worker-0/INFO] [quark-zeta/]: Constructing module Double Door Opening...
[02Jul2025 22:39:13.381] [modloading-worker-0/INFO] [quark-zeta/]: Constructing module Dragon Scales...
[02Jul2025 22:39:13.386] [modloading-worker-0/INFO] [quark-zeta/]: Constructing module Duskbound Blocks...
[02Jul2025 22:39:13.387] [modloading-worker-0/INFO] [quark-zeta/]: Constructing module Dyeable Item Frames...
[02Jul2025 22:39:13.391] [modloading-worker-0/INFO] [quark-zeta/]: Constructing module Easy Transfering...
[02Jul2025 22:39:13.393] [modloading-worker-0/INFO] [quark-zeta/]: Constructing module Elytra Indicator...
[02Jul2025 22:39:13.393] [modloading-worker-0/INFO] [quark-zeta/]: Constructing module Emotes...
[02Jul2025 22:39:13.396] [modloading-worker-0/INFO] [quark-zeta/]: Constructing module Enchantment Predicates...
[02Jul2025 22:39:13.398] [modloading-worker-0/INFO] [quark-zeta/]: Constructing module Enchantments Begone...
[02Jul2025 22:39:13.399] [modloading-worker-0/INFO] [quark-zeta/]: Constructing module Ender Watcher...
[02Jul2025 22:39:13.404] [modloading-worker-0/INFO] [quark-zeta/]: Constructing module Endermosh Music Disc...
[02Jul2025 22:39:13.408] [modloading-worker-0/INFO] [quark-zeta/]: Constructing module Enhanced Ladders...
[02Jul2025 22:39:13.409] [modloading-worker-0/INFO] [quark-zeta/]: Constructing module Expanded Item Interactions...
[02Jul2025 22:39:13.409] [modloading-worker-0/INFO] [quark-zeta/]: Constructing module Fairy Rings...
[02Jul2025 22:39:13.421] [modloading-worker-0/INFO] [quark-zeta/]: Constructing module Fallen Logs...
[02Jul2025 22:39:13.427] [modloading-worker-0/INFO] [quark-zeta/]: Constructing module Feeding Trough...
[02Jul2025 22:39:13.441] [modloading-worker-0/INFO] [quark-zeta/]: Constructing module Forgotten...
[02Jul2025 22:39:13.465] [modloading-worker-0/INFO] [quark-zeta/]: Constructing module Foxhound...
[02Jul2025 22:39:13.468] [modloading-worker-0/INFO] [quark-zeta/]: Constructing module Framed Glass...
[02Jul2025 22:39:13.469] [modloading-worker-0/INFO] [quark-zeta/]: Constructing module Game Nerfs...
[02Jul2025 22:39:13.470] [modloading-worker-0/INFO] [quark-zeta/]: Constructing module Glass Item Frame...
[02Jul2025 22:39:13.476] [modloading-worker-0/INFO] [quark-zeta/]: Constructing module Glass Shard...
[02Jul2025 22:39:13.484] [modloading-worker-0/INFO] [quark-zeta/]: Constructing module Glimmering Weald...
[02Jul2025 22:39:13.530] [modloading-worker-0/INFO] [quark-zeta/]: Constructing module Gold Bars...
[02Jul2025 22:39:13.530] [modloading-worker-0/INFO] [quark-zeta/]: Constructing module Gold Tools Have Fortune...
[02Jul2025 22:39:13.531] [modloading-worker-0/INFO] [quark-zeta/]: Constructing module Grab Chickens...
[02Jul2025 22:39:13.538] [modloading-worker-0/INFO] [quark-zeta/]: Constructing module Grate...
[02Jul2025 22:39:13.541] [modloading-worker-0/INFO] [quark-zeta/]: Constructing module Gravisand...
[02Jul2025 22:39:13.553] [modloading-worker-0/INFO] [quark-zeta/]: Constructing module Greener Grass...
[02Jul2025 22:39:13.557] [modloading-worker-0/INFO] [quark-zeta/]: Constructing module Hedges...
[02Jul2025 22:39:13.565] [modloading-worker-0/INFO] [quark-zeta/]: Constructing module Hoe Harvesting...
[02Jul2025 22:39:13.566] [modloading-worker-0/INFO] [quark-zeta/]: Constructing module Hollow Logs...
[02Jul2025 22:39:13.566] [modloading-worker-0/INFO] [quark-zeta/]: Constructing module Horses Swim...
[02Jul2025 22:39:13.569] [modloading-worker-0/INFO] [quark-zeta/]: Constructing module Hotbar Changer...
[02Jul2025 22:39:13.569] [modloading-worker-0/INFO] [quark-zeta/]: Constructing module Improved Sponges...
[02Jul2025 22:39:13.570] [modloading-worker-0/INFO] [quark-zeta/]: Constructing module Improved Tooltips...
[02Jul2025 22:39:13.570] [modloading-worker-0/INFO] [quark-zeta/]: Constructing module Industrial Palette...
[02Jul2025 22:39:13.573] [modloading-worker-0/INFO] [quark-zeta/]: Constructing module Inventory Sorting...
[02Jul2025 22:39:13.574] [modloading-worker-0/INFO] [quark-zeta/]: Constructing module Iron Rod...
[02Jul2025 22:39:13.592] [modloading-worker-0/INFO] [quark-zeta/]: Constructing module Item Sharing...
[02Jul2025 22:39:13.594] [modloading-worker-0/INFO] [quark-zeta/]: Constructing module Japanese Palette...
[02Jul2025 22:39:13.595] [modloading-worker-0/INFO] [quark-zeta/]: Constructing module Leaf Carpet...
[02Jul2025 22:39:13.595] [modloading-worker-0/INFO] [quark-zeta/]: Constructing module Lock Rotation...
[02Jul2025 22:39:13.596] [modloading-worker-0/INFO] [quark-zeta/]: Constructing module Long Range Pick Block...
[02Jul2025 22:39:13.600] [modloading-worker-0/INFO] [quark-zeta/]: Constructing module Magma Keeps Concrete Powder...
[02Jul2025 22:39:13.601] [modloading-worker-0/INFO] [quark-zeta/]: Constructing module Magnets...
[02Jul2025 22:39:13.610] [modloading-worker-0/INFO] [quark-zeta/]: Constructing module Map Washing...
[02Jul2025 22:39:13.615] [modloading-worker-0/INFO] [quark-zeta/]: Constructing module Matrix Enchanting...
[02Jul2025 22:39:13.628] [modloading-worker-0/INFO] [quark-zeta/]: Constructing module Metal Buttons...
[02Jul2025 22:39:13.628] [modloading-worker-0/INFO] [quark-zeta/]: Constructing module Microcrafting Helper...
[02Jul2025 22:39:13.634] [modloading-worker-0/INFO] [quark-zeta/]: Constructing module Midori...
[02Jul2025 22:39:13.634] [modloading-worker-0/INFO] [quark-zeta/]: Constructing module Monster Box...
[02Jul2025 22:39:13.636] [modloading-worker-0/INFO] [quark-zeta/]: Constructing module More Banner Layers...
[02Jul2025 22:39:13.636] [modloading-worker-0/INFO] [quark-zeta/]: Constructing module More Brick Types...
[02Jul2025 22:39:13.640] [modloading-worker-0/INFO] [quark-zeta/]: Constructing module More Mud Blocks...
[02Jul2025 22:39:13.646] [modloading-worker-0/INFO] [quark-zeta/]: Constructing module More Note Block Sounds...
[02Jul2025 22:39:13.646] [modloading-worker-0/INFO] [quark-zeta/]: Constructing module More Potted Plants...
[02Jul2025 22:39:13.647] [modloading-worker-0/INFO] [quark-zeta/]: Constructing module More Villagers...
[02Jul2025 22:39:13.647] [modloading-worker-0/INFO] [quark-zeta/]: Constructing module Narrator Readout...
[02Jul2025 22:39:13.647] [modloading-worker-0/INFO] [quark-zeta/]: Constructing module Nether Brick Fence Gate...
[02Jul2025 22:39:13.647] [modloading-worker-0/INFO] [quark-zeta/]: Constructing module Nether Obsidian Spikes...
[02Jul2025 22:39:13.651] [modloading-worker-0/INFO] [quark-zeta/]: Constructing module New Stone Types...
[02Jul2025 22:39:13.656] [modloading-worker-0/INFO] [quark-zeta/]: Constructing module No Durability On Cosmetics...
[02Jul2025 22:39:13.661] [modloading-worker-0/INFO] [quark-zeta/]: Constructing module No More Lava Pockets...
[02Jul2025 22:39:13.661] [modloading-worker-0/INFO] [quark-zeta/]: Constructing module Obsidian Plate...
[02Jul2025 22:39:13.661] [modloading-worker-0/INFO] [quark-zeta/]: Constructing module Overlay Shader...
[02Jul2025 22:39:13.662] [modloading-worker-0/INFO] [quark-zeta/]: Constructing module Parrot Eggs...
[02Jul2025 22:39:13.662] [modloading-worker-0/INFO] [quark-zeta/]: Constructing module Pat The Dogs...
[02Jul2025 22:39:13.664] [modloading-worker-0/INFO] [quark-zeta/]: Constructing module Pathfinder Maps...
[02Jul2025 22:39:13.665] [modloading-worker-0/INFO] [quark-zeta/]: Constructing module Permafrost...
[02Jul2025 22:39:13.666] [modloading-worker-0/INFO] [quark-zeta/]: Constructing module Petals On Water...
[02Jul2025 22:39:13.667] [modloading-worker-0/INFO] [quark-zeta/]: Constructing module Pickarang...
[02Jul2025 22:39:13.669] [modloading-worker-0/INFO] [quark-zeta/]: Constructing module Pig Litters...
[02Jul2025 22:39:13.669] [modloading-worker-0/INFO] [quark-zeta/]: Constructing module Pipes...
[02Jul2025 22:39:13.673] [modloading-worker-0/INFO] [quark-zeta/]: Constructing module Pistons Move Tile Entities...
[02Jul2025 22:39:13.673] [modloading-worker-0/INFO] [quark-zeta/]: Constructing module Poison Potato Usage...
[02Jul2025 22:39:13.674] [modloading-worker-0/INFO] [quark-zeta/]: Constructing module Quick Armor Swapping...
[02Jul2025 22:39:13.674] [modloading-worker-0/INFO] [quark-zeta/]: Constructing module Rainbow Lamps...
[02Jul2025 22:39:13.674] [modloading-worker-0/INFO] [quark-zeta/]: Constructing module Raw Metal Bricks...
[02Jul2025 22:39:13.675] [modloading-worker-0/INFO] [quark-zeta/]: Constructing module Reacharound Placing...
[02Jul2025 22:39:13.675] [modloading-worker-0/INFO] [quark-zeta/]: Constructing module Redstone Randomizer...
[02Jul2025 22:39:13.677] [modloading-worker-0/INFO] [quark-zeta/]: Constructing module Renewable Spore Blossoms...
[02Jul2025 22:39:13.677] [modloading-worker-0/INFO] [quark-zeta/]: Constructing module Replace Scaffolding...
[02Jul2025 22:39:13.678] [modloading-worker-0/INFO] [quark-zeta/]: Constructing module Rope...
[02Jul2025 22:39:13.679] [modloading-worker-0/INFO] [quark-zeta/]: Constructing module Safer Creatures...
[02Jul2025 22:39:13.680] [modloading-worker-0/INFO] [quark-zeta/]: Constructing module Seed Pouch...
[02Jul2025 22:39:13.714] [modloading-worker-0/INFO] [quark-zeta/]: Constructing module Shear Vines...
[02Jul2025 22:39:13.730] [modloading-worker-0/INFO] [quark-zeta/]: Constructing module Shiba...
[02Jul2025 22:39:13.731] [modloading-worker-0/INFO] [quark-zeta/]: Constructing module Shingles...
[02Jul2025 22:39:13.731] [modloading-worker-0/INFO] [quark-zeta/]: Constructing module Shulker Packing...
[02Jul2025 22:39:13.731] [modloading-worker-0/INFO] [quark-zeta/]: Constructing module Simple Harvest...
[02Jul2025 22:39:13.736] [modloading-worker-0/INFO] [quark-zeta/]: Constructing module Skull Pikes...
[02Jul2025 22:39:13.737] [modloading-worker-0/INFO] [quark-zeta/]: Constructing module Slabs To Blocks...
[02Jul2025 22:39:13.738] [modloading-worker-0/INFO] [quark-zeta/]: Constructing module Slime In A Bucket...
[02Jul2025 22:39:13.747] [modloading-worker-0/INFO] [quark-zeta/]: Constructing module Slimes To Magma Cubes...
[02Jul2025 22:39:13.747] [modloading-worker-0/INFO] [quark-zeta/]: Constructing module Snow Golem Player Heads...
[02Jul2025 22:39:13.748] [modloading-worker-0/INFO] [quark-zeta/]: Constructing module Soul Candles...
[02Jul2025 22:39:13.748] [modloading-worker-0/INFO] [quark-zeta/]: Constructing module Soul Sandstone...
[02Jul2025 22:39:13.748] [modloading-worker-0/INFO] [quark-zeta/]: Constructing module Spawner Replacer...
[02Jul2025 22:39:13.753] [modloading-worker-0/INFO] [quark-zeta/]: Constructing module Spiral Spires...
[02Jul2025 22:39:13.757] [modloading-worker-0/INFO] [quark-zeta/]: Constructing module Stonelings...
[02Jul2025 22:39:13.767] [modloading-worker-0/INFO] [quark-zeta/]: Constructing module Stools...
[02Jul2025 22:39:13.768] [modloading-worker-0/INFO] [quark-zeta/]: Constructing module Sturdy Stone...
[02Jul2025 22:39:13.768] [modloading-worker-0/INFO] [quark-zeta/]: Constructing module Thatch...
[02Jul2025 22:39:13.776] [modloading-worker-0/INFO] [quark-zeta/]: Constructing module Tiny Potato...
[02Jul2025 22:39:13.776] [modloading-worker-0/INFO] [quark-zeta/]: Constructing module Torch Arrow...
[02Jul2025 22:39:13.791] [modloading-worker-0/INFO] [quark-zeta/]: Constructing module Toretoise...
[02Jul2025 22:39:13.791] [modloading-worker-0/INFO] [quark-zeta/]: Constructing module Totem Of Holding...
[02Jul2025 22:39:13.809] [modloading-worker-0/INFO] [quark-zeta/]: Constructing module Trowel...
[02Jul2025 22:39:13.813] [modloading-worker-0/INFO] [quark-zeta/]: Constructing module Usage Ticker...
[02Jul2025 22:39:13.813] [modloading-worker-0/INFO] [quark-zeta/]: Constructing module Uses For Curses...
[02Jul2025 22:39:13.822] [modloading-worker-0/INFO] [quark-zeta/]: Constructing module Utility Recipes...
[02Jul2025 22:39:13.832] [modloading-worker-0/INFO] [quark-zeta/]: Constructing module Variant Animal Textures...
[02Jul2025 22:39:13.833] [modloading-worker-0/INFO] [quark-zeta/]: Constructing module Variant Bookshelves...
[02Jul2025 22:39:13.833] [modloading-worker-0/INFO] [quark-zeta/]: Constructing module Variant Chests...
[02Jul2025 22:39:13.856] [modloading-worker-0/INFO] [quark-zeta/]: Constructing module Variant Furnaces...
[02Jul2025 22:39:13.868] [modloading-worker-0/INFO] [quark-zeta/]: Constructing module Variant Ladders...
[02Jul2025 22:39:13.889] [modloading-worker-0/INFO] [quark-zeta/]: Constructing module Variant Selector...
[02Jul2025 22:39:13.895] [modloading-worker-0/INFO] [quark-zeta/]: Constructing module Vertical Planks...
[02Jul2025 22:39:13.895] [modloading-worker-0/INFO] [quark-zeta/]: Constructing module Vertical Slabs...
[02Jul2025 22:39:13.940] [modloading-worker-0/INFO] [quark-zeta/]: Constructing module Vexes Die With Their Masters...
[02Jul2025 22:39:13.948] [modloading-worker-0/INFO] [quark-zeta/]: Constructing module Villager Rerolling Rework...
[02Jul2025 22:39:13.948] [modloading-worker-0/INFO] [quark-zeta/]: Constructing module Villagers Follow Emeralds...
[02Jul2025 22:39:13.949] [modloading-worker-0/INFO] [quark-zeta/]: Constructing module Wooden Posts...
[02Jul2025 22:39:13.950] [modloading-worker-0/INFO] [quark-zeta/]: Constructing module Wool Shuts Up Minecarts...
[02Jul2025 22:39:13.950] [modloading-worker-0/INFO] [quark-zeta/]: Constructing module Wraith...
[02Jul2025 22:39:13.969] [modloading-worker-0/INFO] [quark-zeta/]: Constructing module Zombie Villagers On Normal...
[02Jul2025 22:39:13.972] [modloading-worker-0/INFO] [quark-zeta/]: Constructing module More Stone Variants...
[02Jul2025 22:39:13.977] [modloading-worker-0/INFO] [quark-zeta/]: Constructed 164 modules.
[02Jul2025 22:39:14.116] [modloading-worker-0/INFO] [Puzzles Lib/]: Constructing common components for puzzleslib:main
[02Jul2025 22:39:14.173] [modloading-worker-0/WARN] [de.keksuccino.justzoom.JustZoom/]: [JUST ZOOM] Disabling 'Just Zoom' since it's a client-side mod and current environment is server!
[02Jul2025 22:39:14.190] [modloading-worker-0/INFO] [be.florens.expandability.ExpandAbility/]: ExpandAbility here, who dis?
[02Jul2025 22:39:14.221] [modloading-worker-0/INFO] [quark-zeta/]: Doing super early config setup for quark
[02Jul2025 22:39:33.276] [main/INFO] [Moonlight/]: Initialized block sets in 46ms
[02Jul2025 22:39:33.424] [main/INFO] [evilcraft/]: 2205 possible Broom base combinations are ready for flying!
[02Jul2025 22:39:35.621] [main/WARN] [yungsapi/]: WARNING: block Block{minecraft:iron_ore} added to BlockStateRandomizer exceeds max probabiltiy of 1!
[02Jul2025 22:39:35.741] [Thread-2/WARN] [yungsapi/]: WARNING: block Block{minecraft:iron_ore} added to BlockStateRandomizer exceeds max probabiltiy of 1!
[02Jul2025 22:39:35.743] [Thread-2/INFO] [zeta/]: About to refresh zeta's config, looking for better thread than 'Thread-2'...
[02Jul2025 22:39:35.745] [Thread-2/WARN] [zeta/]: Using thread 'Thread-2' instead of the server thread
[02Jul2025 22:39:35.745] [Thread-2/INFO] [zeta/]: zeta's config is 'BEFORE_INIT', ignoring config refresh. Current thread: Thread-2
[02Jul2025 22:39:35.758] [Thread-2/INFO] [quark-zeta/]: About to refresh quark's config, looking for better thread than 'Thread-2'...
[02Jul2025 22:39:35.759] [Thread-2/WARN] [quark-zeta/]: Using thread 'Thread-2' instead of the server thread
[02Jul2025 22:39:35.760] [Thread-2/INFO] [quark-zeta/]: quark's config is 'BEFORE_INIT', ignoring config refresh. Current thread: Thread-2
[02Jul2025 22:39:35.767] [Thread-2/INFO] [quark-zeta/]: About to refresh quark's config, looking for better thread than 'Thread-2'...
[02Jul2025 22:39:35.767] [Thread-2/WARN] [quark-zeta/]: Using thread 'Thread-2' instead of the server thread
[02Jul2025 22:39:35.767] [Thread-2/INFO] [quark-zeta/]: quark's config is 'BEFORE_INIT', ignoring config refresh. Current thread: Thread-2
[02Jul2025 22:39:36.107] [modloading-worker-0/INFO] [dev.architectury.networking.forge.NetworkManagerImpl/]: Registering C2S receiver with id skin_changer:mbechannel/c6416779da663f62836ae72f0509aa3e
[02Jul2025 22:39:36.110] [modloading-worker-0/INFO] [evilcraft/]: Registered packet handler.
[02Jul2025 22:39:36.112] [modloading-worker-0/INFO] [dev.architectury.networking.forge.NetworkManagerImpl/]: Registering C2S receiver with id skin_changer:mbechannel/8489ea5ae87e3a6199b65ea21ca8f8c8
[02Jul2025 22:39:36.202] [modloading-worker-0/INFO] [mekanism.common.Mekanism/]: Version 10.4.15 initializing...
[02Jul2025 22:39:36.215] [modloading-worker-0/INFO] [mekanism.common.Mekanism/]: Loaded 'Mekanism: Generators' module.
[02Jul2025 22:39:36.218] [modloading-worker-0/INFO] [Dungeon Crawl/]: Common Setup
[02Jul2025 22:39:36.250] [modloading-worker-0/INFO] [firstaid/]: firstaid starting...
[02Jul2025 22:39:36.270] [Forge Version Check/INFO] [net.minecraftforge.fml.VersionChecker/]: [cyclopscore] Starting version check at https://raw.githubusercontent.com/CyclopsMC/Versions/master/forge_update/cyclops-core.json
[02Jul2025 22:39:36.273] [modloading-worker-0/INFO] [voicechat/]: [voicechat] Compatibility version 18
[02Jul2025 22:39:36.358] [Forge Version Check/INFO] [net.minecraftforge.fml.VersionChecker/]: [cyclopscore] Found status: UP_TO_DATE Current: 1.20.1 Target: null
[02Jul2025 22:39:36.360] [Forge Version Check/INFO] [net.minecraftforge.fml.VersionChecker/]: [easyanvils] Starting version check at https://raw.githubusercontent.com/Fuzss/modresources/main/update/easyanvils.json
[02Jul2025 22:39:36.386] [Forge Version Check/INFO] [net.minecraftforge.fml.VersionChecker/]: [easyanvils] Found status: UP_TO_DATE Current: 8.0.2 Target: null
[02Jul2025 22:39:36.386] [Forge Version Check/INFO] [net.minecraftforge.fml.VersionChecker/]: [evilcraft] Starting version check at https://raw.githubusercontent.com/CyclopsMC/Versions/master/forge_update/evilcraft.json
[02Jul2025 22:39:36.395] [modloading-worker-0/INFO] [voicechat/]: [voicechat] Loading plugins
[02Jul2025 22:39:36.405] [Forge Version Check/INFO] [net.minecraftforge.fml.VersionChecker/]: [evilcraft] Found status: UP_TO_DATE Current: 1.2.54 Target: null
[02Jul2025 22:39:36.405] [Forge Version Check/INFO] [net.minecraftforge.fml.VersionChecker/]: [cobweb] Starting version check at https://api.modrinth.com/updates/cobweb/forge_updates.json
[02Jul2025 22:39:36.409] [modloading-worker-0/INFO] [mekanism.common.Mekanism/]: Fake player readout: UUID = 46e82cd0-d480-3d48-800a-77431ede078e, name = [Mekanism]
[02Jul2025 22:39:36.409] [modloading-worker-0/INFO] [mekanism.common.Mekanism/]: Mod loaded.
[02Jul2025 22:39:36.421] [modloading-worker-0/INFO] [voicechat/]: [voicechat] Loaded 1 plugin(s)
[02Jul2025 22:39:36.422] [modloading-worker-0/INFO] [voicechat/]: [voicechat] Initializing plugins
[02Jul2025 22:39:36.450] [modloading-worker-0/INFO] [Sound Physics - General/]: Initializing Simple Voice Chat integration
[02Jul2025 22:39:36.450] [modloading-worker-0/INFO] [voicechat/]: [voicechat] Initialized 1 plugin(s)
[02Jul2025 22:39:36.452] [modloading-worker-0/INFO] [voicechat/]: [voicechat] Registering events for 'sound_physics_remastered'
[02Jul2025 22:39:36.616] [Forge Version Check/INFO] [net.minecraftforge.fml.VersionChecker/]: [cobweb] Found status: UP_TO_DATE Current: 1.0.1 Target: null
[02Jul2025 22:39:36.616] [Forge Version Check/INFO] [net.minecraftforge.fml.VersionChecker/]: [twilightforest] Starting version check at https://gh.tamaized.com/TeamTwilight/twilightforest/update.json
[02Jul2025 22:39:36.787] [Forge Version Check/INFO] [net.minecraftforge.fml.VersionChecker/]: [twilightforest] Found status: AHEAD Current: 4.3.2508 Target: null
[02Jul2025 22:39:36.787] [Forge Version Check/INFO] [net.minecraftforge.fml.VersionChecker/]: [corpse] Starting version check at https://update.maxhenkel.de/forge/corpse
[02Jul2025 22:39:36.831] [main/INFO] [com.tiviacz.travelersbackpack.TravelersBackpack/]: Registered the FluidEffect with Unique ID of minecraft:water for Water (Fluid Amount Required: 1000) with the ID 0
[02Jul2025 22:39:36.831] [main/INFO] [com.tiviacz.travelersbackpack.TravelersBackpack/]: Registered the FluidEffect with Unique ID of minecraft:lava for Lava (Fluid Amount Required: 1000) with the ID 1
[02Jul2025 22:39:36.831] [main/INFO] [com.tiviacz.travelersbackpack.TravelersBackpack/]: Registered the FluidEffect with Unique ID of travelersbackpack:potion for Uncraftable Potion (Fluid Amount Required: 250) with the ID 2
[02Jul2025 22:39:36.832] [main/INFO] [com.tiviacz.travelersbackpack.TravelersBackpack/]: Registered the FluidEffect with Unique ID of minecraft:milk for Milk (Fluid Amount Required: 1000) with the ID 3
[02Jul2025 22:39:36.864] [main/INFO] [firstaid/]: Initializing PlayerRevive Compatibility...
[02Jul2025 22:39:36.880] [main/INFO] [terrablender/]: Registered region minecraft:overworld to index 0 for type OVERWORLD
[02Jul2025 22:39:36.880] [main/INFO] [terrablender/]: Registered region minecraft:nether to index 0 for type NETHER
[02Jul2025 22:39:36.880] [main/INFO] [terrablender/]: Registered region biomesoplenty:overworld_primary to index 1 for type OVERWORLD
[02Jul2025 22:39:36.880] [main/INFO] [terrablender/]: Registered region biomesoplenty:overworld_secondary to index 2 for type OVERWORLD
[02Jul2025 22:39:36.881] [main/INFO] [terrablender/]: Registered region biomesoplenty:overworld_rare to index 3 for type OVERWORLD
[02Jul2025 22:39:36.881] [main/INFO] [terrablender/]: Registered region biomesoplenty:nether_common to index 1 for type NETHER
[02Jul2025 22:39:36.881] [main/INFO] [terrablender/]: Registered region biomesoplenty:nether_rare to index 2 for type NETHER
[02Jul2025 22:39:36.968] [main/INFO] [Moonlight/]: Initialized color sets in 84ms
[02Jul2025 22:39:37.033] [main/INFO] [zeta/]: Common setup: Performing initial refresh of zeta's config on thread 'main'
[02Jul2025 22:39:37.034] [main/INFO] [zeta/]: 'zeta' is enabling Zeta's piston structure resolver.
[02Jul2025 22:39:37.035] [main/INFO] [zeta/]: Waiting for server start before accepting filewatcher changes to zeta's config
[02Jul2025 22:39:37.042] [main/INFO] [terrablender/]: Registered region quark:biome_provider to index 4 for type OVERWORLD
[02Jul2025 22:39:37.042] [main/INFO] [quark-zeta/]: Common setup: Performing initial refresh of quark's config on thread 'main'
[02Jul2025 22:39:37.061] [main/INFO] [quark-zeta/]: Waiting for server start before accepting filewatcher changes to quark's config
[02Jul2025 22:39:37.126] [main/INFO] [Supplementaries/]: Finished mod setup in: [2, 3, 0, 0, 0, 0, 21, 10, 1] ms
[02Jul2025 22:39:37.137] [main/INFO] [de.teamlapen.vampirism.core.ModEffects/]: Fixing vanilla night vision potion types
[02Jul2025 22:39:37.138] [main/INFO] [terrablender/]: Registered region vampirism:overworld to index 5 for type OVERWORLD
[02Jul2025 22:39:37.139] [main/INFO] [de.teamlapen.vampirism.modcompat.terrablender.TerraBlenderCompat/]: TerraBlender is installed. Using it to add vampire Forest to overworld.
[02Jul2025 22:39:37.159] [modloading-worker-0/INFO] [xaero.map.server.WorldMapServer/]: Loading Xaero's World Map - Stage 1/2 (Server)
[02Jul2025 22:39:37.160] [modloading-worker-0/INFO] [xaero.minimap.XaeroMinimap/]: Loading Xaero's Minimap - Stage 1/2 (Server)
[02Jul2025 22:39:37.161] [main/INFO] [xaero.map.server.WorldMapServer/]: Loading Xaero's World Map - Stage 2/2 (Server)
[02Jul2025 22:39:37.161] [main/INFO] [xaero.minimap.XaeroMinimap/]: Loading Xaero's Minimap - Stage 2/2 (Server)
[02Jul2025 22:39:37.225] [modloading-worker-0/INFO] [net.xalcon.torchmaster.Torchmaster/]: Applying mega torch entity block list overrides...
[02Jul2025 22:39:37.232] [modloading-worker-0/INFO] [net.xalcon.torchmaster.Torchmaster/]: Applying dread lamp entity block list overrides...
[02Jul2025 22:39:37.292] [modloading-worker-0/INFO] [Jade/]: Start loading plugin at net.blay09.mods.balm.forge.compat.hudinfo.ForgeJadeModCompat
[02Jul2025 22:39:37.304] [modloading-worker-0/INFO] [Jade/]: Start loading plugin at twilightforest.compat.jade.JadeCompat
[02Jul2025 22:39:37.305] [modloading-worker-0/INFO] [Jade/]: Start loading plugin at de.maxhenkel.corpse.integration.waila.PluginCorpse
[02Jul2025 22:39:37.307] [modloading-worker-0/INFO] [Jade/]: Start loading plugin at net.p3pp3rf1y.sophisticatedstorage.compat.jade.StorageJadePlugin
[02Jul2025 22:39:37.308] [modloading-worker-0/INFO] [Jade/]: Start loading plugin at mekanism.common.integration.lookingat.jade.MekanismJadePlugin
[02Jul2025 22:39:37.312] [modloading-worker-0/INFO] [Jade/]: Start loading plugin at net.blay09.mods.waystones.compat.JadeIntegration
[02Jul2025 22:39:37.313] [modloading-worker-0/INFO] [Jade/]: Start loading plugin at snownee.jade.addon.vanilla.VanillaPlugin
[02Jul2025 22:39:37.343] [modloading-worker-0/INFO] [Jade/]: Start loading plugin at snownee.jade.addon.universal.UniversalPlugin
[02Jul2025 22:39:37.352] [modloading-worker-0/INFO] [Jade/]: Start loading plugin at snownee.jade.addon.core.CorePlugin
[02Jul2025 22:39:37.356] [modloading-worker-0/INFO] [Jade/]: Start loading plugin at appeng.integration.modules.jade.JadeModule
[02Jul2025 22:39:37.393] [modloading-worker-0/INFO] [Jade/]: Start loading plugin at net.geforcemods.securitycraft.compat.hudmods.JadeDataProvider
[02Jul2025 22:39:37.398] [modloading-worker-0/INFO] [Jade/]: Start loading plugin at net.mehvahdjukaar.supplementaries.integration.JadeCompat
[02Jul2025 22:39:37.450] [main/INFO] [de.teamlapen.vampirism.core.ModEffects/]: Fixing vanilla night vision potion types
[02Jul2025 22:39:37.450] [main/INFO] [de.teamlapen.vampirism.world.biome.OverworldModifications/]: Vampirism Biomes are added via TerraBlender. Not adding them to overworld preset.
[02Jul2025 22:39:37.475] [Forge Version Check/INFO] [net.minecraftforge.fml.VersionChecker/]: [corpse] Found status: AHEAD Current: 1.20.1-1.0.21 Target: null
[02Jul2025 22:39:37.475] [Forge Version Check/INFO] [net.minecraftforge.fml.VersionChecker/]: [advancementplaques] Starting version check at https://mc-update-check.anthonyhilyard.com/499826
[02Jul2025 22:39:37.756] [Forge Version Check/INFO] [net.minecraftforge.fml.VersionChecker/]: [advancementplaques] Found status: UP_TO_DATE Current: 1.6.9 Target: null
[02Jul2025 22:39:37.757] [Forge Version Check/INFO] [net.minecraftforge.fml.VersionChecker/]: [mr_dungeons_andtaverns] Starting version check at https://api.modrinth.com/updates/tpehi7ww/forge_updates.json
[02Jul2025 22:39:37.841] [Forge Version Check/INFO] [net.minecraftforge.fml.VersionChecker/]: [mr_dungeons_andtaverns] Found status: OUTDATED Current: 3.0.3.f Target: 3.0.3.f+mod
[02Jul2025 22:39:37.841] [Forge Version Check/INFO] [net.minecraftforge.fml.VersionChecker/]: [cfm] Starting version check at https://mrcrayfish.com/modupdatejson?id=cfm
[02Jul2025 22:39:38.011] [Forge Version Check/WARN] [net.minecraftforge.fml.VersionChecker/]: Failed to process update information
com.google.gson.JsonSyntaxException: java.lang.IllegalStateException: Expected BEGIN_OBJECT but was STRING at line 1 column 1 path $
	at com.google.gson.Gson.fromJson(Gson.java:1226) ~[gson-2.10.jar%2372!/:?]
	at com.google.gson.Gson.fromJson(Gson.java:1124) ~[gson-2.10.jar%2372!/:?]
	at com.google.gson.Gson.fromJson(Gson.java:1034) ~[gson-2.10.jar%2372!/:?]
	at com.google.gson.Gson.fromJson(Gson.java:969) ~[gson-2.10.jar%2372!/:?]
	at net.minecraftforge.fml.VersionChecker$1.process(VersionChecker.java:183) ~[fmlcore-1.20.1-47.3.7.jar%23324!/:?]
	at java.lang.Iterable.forEach(Iterable.java:75) ~[?:?]
	at net.minecraftforge.fml.VersionChecker$1.run(VersionChecker.java:114) ~[fmlcore-1.20.1-47.3.7.jar%23324!/:?]
Caused by: java.lang.IllegalStateException: Expected BEGIN_OBJECT but was STRING at line 1 column 1 path $
	at com.google.gson.stream.JsonReader.beginObject(JsonReader.java:393) ~[gson-2.10.jar%2372!/:?]
	at com.google.gson.internal.bind.MapTypeAdapterFactory$Adapter.read(MapTypeAdapterFactory.java:182) ~[gson-2.10.jar%2372!/:?]
	at com.google.gson.internal.bind.MapTypeAdapterFactory$Adapter.read(MapTypeAdapterFactory.java:144) ~[gson-2.10.jar%2372!/:?]
	at com.google.gson.Gson.fromJson(Gson.java:1214) ~[gson-2.10.jar%2372!/:?]
	... 6 more
[02Jul2025 22:39:38.013] [Forge Version Check/INFO] [net.minecraftforge.fml.VersionChecker/]: [enchantinginfuser] Starting version check at https://raw.githubusercontent.com/Fuzss/modresources/main/update/enchantinginfuser.json
[02Jul2025 22:39:38.028] [Forge Version Check/INFO] [net.minecraftforge.fml.VersionChecker/]: [enchantinginfuser] Found status: UP_TO_DATE Current: 8.0.3 Target: null
[02Jul2025 22:39:38.028] [Forge Version Check/INFO] [net.minecraftforge.fml.VersionChecker/]: [harvest_with_ease] Starting version check at https://api.modrinth.com/updates/harvest-with-ease/forge_updates.json
[02Jul2025 22:39:38.087] [Forge Version Check/INFO] [net.minecraftforge.fml.VersionChecker/]: [harvest_with_ease] Found status: UP_TO_DATE Current: 9.4.0 Target: null
[02Jul2025 22:39:38.089] [Forge Version Check/INFO] [net.minecraftforge.fml.VersionChecker/]: [goblintraders] Starting version check at https://mrcrayfish.com/modupdatejson?id=goblintraders
[02Jul2025 22:39:38.121] [Forge Version Check/WARN] [net.minecraftforge.fml.VersionChecker/]: Failed to process update information
com.google.gson.JsonSyntaxException: java.lang.IllegalStateException: Expected BEGIN_OBJECT but was STRING at line 1 column 1 path $
	at com.google.gson.Gson.fromJson(Gson.java:1226) ~[gson-2.10.jar%2372!/:?]
	at com.google.gson.Gson.fromJson(Gson.java:1124) ~[gson-2.10.jar%2372!/:?]
	at com.google.gson.Gson.fromJson(Gson.java:1034) ~[gson-2.10.jar%2372!/:?]
	at com.google.gson.Gson.fromJson(Gson.java:969) ~[gson-2.10.jar%2372!/:?]
	at net.minecraftforge.fml.VersionChecker$1.process(VersionChecker.java:183) ~[fmlcore-1.20.1-47.3.7.jar%23324!/:?]
	at java.lang.Iterable.forEach(Iterable.java:75) ~[?:?]
	at net.minecraftforge.fml.VersionChecker$1.run(VersionChecker.java:114) ~[fmlcore-1.20.1-47.3.7.jar%23324!/:?]
Caused by: java.lang.IllegalStateException: Expected BEGIN_OBJECT but was STRING at line 1 column 1 path $
	at com.google.gson.stream.JsonReader.beginObject(JsonReader.java:393) ~[gson-2.10.jar%2372!/:?]
	at com.google.gson.internal.bind.MapTypeAdapterFactory$Adapter.read(MapTypeAdapterFactory.java:182) ~[gson-2.10.jar%2372!/:?]
	at com.google.gson.internal.bind.MapTypeAdapterFactory$Adapter.read(MapTypeAdapterFactory.java:144) ~[gson-2.10.jar%2372!/:?]
	at com.google.gson.Gson.fromJson(Gson.java:1214) ~[gson-2.10.jar%2372!/:?]
	... 6 more
[02Jul2025 22:39:38.124] [Forge Version Check/INFO] [net.minecraftforge.fml.VersionChecker/]: [clumps] Starting version check at https://updates.blamejared.com/get?n=clumps&gv=1.20.1
[02Jul2025 22:39:38.514] [Forge Version Check/INFO] [net.minecraftforge.fml.VersionChecker/]: [clumps] Found status: BETA Current: 12.0.0.4 Target: 12.0.0.4
[02Jul2025 22:39:38.514] [Forge Version Check/INFO] [net.minecraftforge.fml.VersionChecker/]: [travelersbackpack] Starting version check at https://gist.githubusercontent.com/Tiviacz1337/906937677aa472285dff9d6c2a189d5e/raw
[02Jul2025 22:39:38.554] [Forge Version Check/INFO] [net.minecraftforge.fml.VersionChecker/]: [travelersbackpack] Found status: AHEAD Current: 9.1.38 Target: null
[02Jul2025 22:39:38.554] [Forge Version Check/INFO] [net.minecraftforge.fml.VersionChecker/]: [configured] Starting version check at https://mrcrayfish.com/modupdatejson?id=configured
[02Jul2025 22:39:38.580] [Forge Version Check/WARN] [net.minecraftforge.fml.VersionChecker/]: Failed to process update information
com.google.gson.JsonSyntaxException: java.lang.IllegalStateException: Expected BEGIN_OBJECT but was STRING at line 1 column 1 path $
	at com.google.gson.Gson.fromJson(Gson.java:1226) ~[gson-2.10.jar%2372!/:?]
	at com.google.gson.Gson.fromJson(Gson.java:1124) ~[gson-2.10.jar%2372!/:?]
	at com.google.gson.Gson.fromJson(Gson.java:1034) ~[gson-2.10.jar%2372!/:?]
	at com.google.gson.Gson.fromJson(Gson.java:969) ~[gson-2.10.jar%2372!/:?]
	at net.minecraftforge.fml.VersionChecker$1.process(VersionChecker.java:183) ~[fmlcore-1.20.1-47.3.7.jar%23324!/:?]
	at java.lang.Iterable.forEach(Iterable.java:75) ~[?:?]
	at net.minecraftforge.fml.VersionChecker$1.run(VersionChecker.java:114) ~[fmlcore-1.20.1-47.3.7.jar%23324!/:?]
Caused by: java.lang.IllegalStateException: Expected BEGIN_OBJECT but was STRING at line 1 column 1 path $
	at com.google.gson.stream.JsonReader.beginObject(JsonReader.java:393) ~[gson-2.10.jar%2372!/:?]
	at com.google.gson.internal.bind.MapTypeAdapterFactory$Adapter.read(MapTypeAdapterFactory.java:182) ~[gson-2.10.jar%2372!/:?]
	at com.google.gson.internal.bind.MapTypeAdapterFactory$Adapter.read(MapTypeAdapterFactory.java:144) ~[gson-2.10.jar%2372!/:?]
	at com.google.gson.Gson.fromJson(Gson.java:1214) ~[gson-2.10.jar%2372!/:?]
	... 6 more
[02Jul2025 22:39:38.581] [Forge Version Check/INFO] [net.minecraftforge.fml.VersionChecker/]: [guideapi_vp] Starting version check at https://maxanier.de/projects/guideapi/versions.json
[02Jul2025 22:39:39.434] [Forge Version Check/INFO] [net.minecraftforge.fml.VersionChecker/]: [guideapi_vp] Found status: BETA Current: 2.2.6 Target: null
[02Jul2025 22:39:39.434] [Forge Version Check/INFO] [net.minecraftforge.fml.VersionChecker/]: [puzzlesaccessapi] Starting version check at https://raw.githubusercontent.com/Fuzss/modresources/main/update/puzzlesaccessapi.json
[02Jul2025 22:39:39.445] [Forge Version Check/INFO] [net.minecraftforge.fml.VersionChecker/]: [puzzlesaccessapi] Found status: BETA Current: 8.0.7 Target: null
[02Jul2025 22:39:39.445] [Forge Version Check/INFO] [net.minecraftforge.fml.VersionChecker/]: [forge] Starting version check at https://files.minecraftforge.net/net/minecraftforge/forge/promotions_slim.json
[02Jul2025 22:39:39.571] [Forge Version Check/INFO] [net.minecraftforge.fml.VersionChecker/]: [forge] Found status: OUTDATED Current: 47.3.7 Target: 47.4.0
[02Jul2025 22:39:39.571] [Forge Version Check/INFO] [net.minecraftforge.fml.VersionChecker/]: [voicechat] Starting version check at https://update.maxhenkel.de/forge/voicechat
[02Jul2025 22:39:39.670] [Forge Version Check/INFO] [net.minecraftforge.fml.VersionChecker/]: [voicechat] Found status: OUTDATED Current: 1.20.1-2.5.30 Target: 1.20.1-2.5.33
[02Jul2025 22:39:39.671] [Forge Version Check/INFO] [net.minecraftforge.fml.VersionChecker/]: [sound_physics_remastered] Starting version check at https://update.maxhenkel.de/forge/sound_physics_remastered
[02Jul2025 22:39:39.769] [Forge Version Check/INFO] [net.minecraftforge.fml.VersionChecker/]: [sound_physics_remastered] Found status: OUTDATED Current: 1.20.1-1.4.10 Target: 1.20.1-1.4.13
[02Jul2025 22:39:39.770] [Forge Version Check/INFO] [net.minecraftforge.fml.VersionChecker/]: [moonlight] Starting version check at https://raw.githubusercontent.com/MehVahdJukaar/Moonlight/multi-loader/forge/update.json
[02Jul2025 22:39:39.783] [Forge Version Check/INFO] [net.minecraftforge.fml.VersionChecker/]: [moonlight] Found status: BETA Current: 1.20-2.14.8 Target: null
[02Jul2025 22:39:39.784] [Forge Version Check/INFO] [net.minecraftforge.fml.VersionChecker/]: [iceberg] Starting version check at https://mc-update-check.anthonyhilyard.com/520110
[02Jul2025 22:39:39.818] [Forge Version Check/INFO] [net.minecraftforge.fml.VersionChecker/]: [iceberg] Found status: OUTDATED Current: 1.1.21 Target: 1.1.25
[02Jul2025 22:39:39.818] [Forge Version Check/INFO] [net.minecraftforge.fml.VersionChecker/]: [securitycraft] Starting version check at https://www.github.com/Geforce132/SecurityCraft/raw/master/Updates/Forge.json
[02Jul2025 22:39:39.962] [Forge Version Check/INFO] [net.minecraftforge.fml.VersionChecker/]: [securitycraft] Found status: UP_TO_DATE Current: 1.10.0.1 Target: null
[02Jul2025 22:39:39.962] [Forge Version Check/INFO] [net.minecraftforge.fml.VersionChecker/]: [vampirism] Starting version check at https://api.modrinth.com/updates/vampirism/forge_updates.json
[02Jul2025 22:39:40.050] [Forge Version Check/INFO] [net.minecraftforge.fml.VersionChecker/]: [vampirism] Found status: UP_TO_DATE Current: 1.10.13 Target: null
[02Jul2025 22:39:40.050] [Forge Version Check/INFO] [net.minecraftforge.fml.VersionChecker/]: [supplementaries] Starting version check at https://raw.githubusercontent.com/MehVahdJukaar/Supplementaries/1.20/forge/update.json
[02Jul2025 22:39:40.061] [Forge Version Check/INFO] [net.minecraftforge.fml.VersionChecker/]: [supplementaries] Found status: BETA Current: 1.20-3.1.31 Target: null
[02Jul2025 22:39:40.061] [Forge Version Check/INFO] [net.minecraftforge.fml.VersionChecker/]: [puzzleslib] Starting version check at https://raw.githubusercontent.com/Fuzss/modresources/main/update/puzzleslib.json
[02Jul2025 22:39:40.072] [Forge Version Check/INFO] [net.minecraftforge.fml.VersionChecker/]: [puzzleslib] Found status: OUTDATED Current: 8.1.17 Target: 8.1.32
[02Jul2025 22:39:40.072] [Forge Version Check/INFO] [net.minecraftforge.fml.VersionChecker/]: [ad_astra] Starting version check at https://api.modrinth.com/updates/3ufwT9JF/forge_updates.json
[02Jul2025 22:39:40.140] [Forge Version Check/INFO] [net.minecraftforge.fml.VersionChecker/]: [ad_astra] Found status: UP_TO_DATE Current: 1.15.20 Target: null
[02Jul2025 22:39:50.977] [main/INFO] [com.mojang.authlib.yggdrasil.YggdrasilAuthenticationService/]: Environment: authHost='https://authserver.mojang.com', accountsHost='https://api.mojang.com', sessionHost='https://sessionserver.mojang.com', servicesHost='https://api.minecraftservices.com', name='PROD'
[02Jul2025 22:39:51.392] [main/WARN] [net.minecraftforge.registries.ForgeRegistry/REGISTRIES]: Registry minecraft:block: Object did not get ID it asked for. Name: croptopia:artichoke_crop Expected: 4878 Got: 7171
[02Jul2025 22:39:51.393] [main/WARN] [net.minecraftforge.registries.ForgeRegistry/REGISTRIES]: Registry minecraft:block: Object did not get ID it asked for. Name: croptopia:asparagus_crop Expected: 4879 Got: 7172
[02Jul2025 22:39:51.393] [main/WARN] [net.minecraftforge.registries.ForgeRegistry/REGISTRIES]: Registry minecraft:block: Object did not get ID it asked for. Name: croptopia:barley_crop Expected: 4880 Got: 7173
[02Jul2025 22:39:51.393] [main/WARN] [net.minecraftforge.registries.ForgeRegistry/REGISTRIES]: Registry minecraft:block: Object did not get ID it asked for. Name: croptopia:basil_crop Expected: 4881 Got: 7174
[02Jul2025 22:39:51.393] [main/WARN] [net.minecraftforge.registries.ForgeRegistry/REGISTRIES]: Registry minecraft:block: Object did not get ID it asked for. Name: croptopia:bellpepper_crop Expected: 4882 Got: 7175
[02Jul2025 22:39:51.393] [main/WARN] [net.minecraftforge.registries.ForgeRegistry/REGISTRIES]: Registry minecraft:block: Object did not get ID it asked for. Name: croptopia:blackbean_crop Expected: 4883 Got: 7176
[02Jul2025 22:39:51.393] [main/WARN] [net.minecraftforge.registries.ForgeRegistry/REGISTRIES]: Registry minecraft:block: Object did not get ID it asked for. Name: croptopia:blackberry_crop Expected: 4884 Got: 7177
[02Jul2025 22:39:51.394] [main/WARN] [net.minecraftforge.registries.ForgeRegistry/REGISTRIES]: Registry minecraft:block: Object did not get ID it asked for. Name: croptopia:blueberry_crop Expected: 4885 Got: 7178
[02Jul2025 22:39:51.394] [main/WARN] [net.minecraftforge.registries.ForgeRegistry/REGISTRIES]: Registry minecraft:block: Object did not get ID it asked for. Name: croptopia:broccoli_crop Expected: 4886 Got: 7179
[02Jul2025 22:39:51.394] [main/WARN] [net.minecraftforge.registries.ForgeRegistry/REGISTRIES]: Registry minecraft:block: Object did not get ID it asked for. Name: croptopia:cabbage_crop Expected: 4887 Got: 7180
[02Jul2025 22:39:51.394] [main/WARN] [net.minecraftforge.registries.ForgeRegistry/REGISTRIES]: Registry minecraft:block: Object did not get ID it asked for. Name: croptopia:cantaloupe_crop Expected: 4888 Got: 7181
[02Jul2025 22:39:51.394] [main/WARN] [net.minecraftforge.registries.ForgeRegistry/REGISTRIES]: Registry minecraft:block: Object did not get ID it asked for. Name: croptopia:cauliflower_crop Expected: 4889 Got: 7182
[02Jul2025 22:39:51.394] [main/WARN] [net.minecraftforge.registries.ForgeRegistry/REGISTRIES]: Registry minecraft:block: Object did not get ID it asked for. Name: croptopia:celery_crop Expected: 4890 Got: 7183
[02Jul2025 22:39:51.395] [main/WARN] [net.minecraftforge.registries.ForgeRegistry/REGISTRIES]: Registry minecraft:block: Object did not get ID it asked for. Name: croptopia:chile_pepper_crop Expected: 4891 Got: 7184
[02Jul2025 22:39:51.395] [main/WARN] [net.minecraftforge.registries.ForgeRegistry/REGISTRIES]: Registry minecraft:block: Object did not get ID it asked for. Name: croptopia:coffee_crop Expected: 4892 Got: 7185
[02Jul2025 22:39:51.395] [main/WARN] [net.minecraftforge.registries.ForgeRegistry/REGISTRIES]: Registry minecraft:block: Object did not get ID it asked for. Name: croptopia:corn_crop Expected: 4893 Got: 7186
[02Jul2025 22:39:51.395] [main/WARN] [net.minecraftforge.registries.ForgeRegistry/REGISTRIES]: Registry minecraft:block: Object did not get ID it asked for. Name: croptopia:cranberry_crop Expected: 4894 Got: 7187
[02Jul2025 22:39:51.395] [main/WARN] [net.minecraftforge.registries.ForgeRegistry/REGISTRIES]: Registry minecraft:block: Object did not get ID it asked for. Name: croptopia:cucumber_crop Expected: 4895 Got: 7188
[02Jul2025 22:39:51.396] [main/WARN] [net.minecraftforge.registries.ForgeRegistry/REGISTRIES]: Registry minecraft:block: Object did not get ID it asked for. Name: croptopia:currant_crop Expected: 4896 Got: 7189
[02Jul2025 22:39:51.396] [main/WARN] [net.minecraftforge.registries.ForgeRegistry/REGISTRIES]: Registry minecraft:block: Object did not get ID it asked for. Name: croptopia:eggplant_crop Expected: 4897 Got: 7190
[02Jul2025 22:39:51.396] [main/WARN] [net.minecraftforge.registries.ForgeRegistry/REGISTRIES]: Registry minecraft:block: Object did not get ID it asked for. Name: croptopia:elderberry_crop Expected: 4898 Got: 7191
[02Jul2025 22:39:51.396] [main/WARN] [net.minecraftforge.registries.ForgeRegistry/REGISTRIES]: Registry minecraft:block: Object did not get ID it asked for. Name: croptopia:garlic_crop Expected: 4899 Got: 7192
[02Jul2025 22:39:51.397] [main/WARN] [net.minecraftforge.registries.ForgeRegistry/REGISTRIES]: Registry minecraft:block: Object did not get ID it asked for. Name: croptopia:ginger_crop Expected: 4900 Got: 7193
[02Jul2025 22:39:51.397] [main/WARN] [net.minecraftforge.registries.ForgeRegistry/REGISTRIES]: Registry minecraft:block: Object did not get ID it asked for. Name: croptopia:grape_crop Expected: 4901 Got: 7194
[02Jul2025 22:39:51.397] [main/WARN] [net.minecraftforge.registries.ForgeRegistry/REGISTRIES]: Registry minecraft:block: Object did not get ID it asked for. Name: croptopia:greenbean_crop Expected: 4902 Got: 7195
[02Jul2025 22:39:51.397] [main/WARN] [net.minecraftforge.registries.ForgeRegistry/REGISTRIES]: Registry minecraft:block: Object did not get ID it asked for. Name: croptopia:greenonion_crop Expected: 4903 Got: 7196
[02Jul2025 22:39:51.397] [main/WARN] [net.minecraftforge.registries.ForgeRegistry/REGISTRIES]: Registry minecraft:block: Object did not get ID it asked for. Name: croptopia:honeydew_crop Expected: 4904 Got: 7197
[02Jul2025 22:39:51.397] [main/WARN] [net.minecraftforge.registries.ForgeRegistry/REGISTRIES]: Registry minecraft:block: Object did not get ID it asked for. Name: croptopia:hops_crop Expected: 4905 Got: 7198
[02Jul2025 22:39:51.397] [main/WARN] [net.minecraftforge.registries.ForgeRegistry/REGISTRIES]: Registry minecraft:block: Object did not get ID it asked for. Name: croptopia:kale_crop Expected: 4906 Got: 7199
[02Jul2025 22:39:51.397] [main/WARN] [net.minecraftforge.registries.ForgeRegistry/REGISTRIES]: Registry minecraft:block: Object did not get ID it asked for. Name: croptopia:kiwi_crop Expected: 4907 Got: 7200
[02Jul2025 22:39:51.397] [main/WARN] [net.minecraftforge.registries.ForgeRegistry/REGISTRIES]: Registry minecraft:block: Object did not get ID it asked for. Name: croptopia:leek_crop Expected: 4908 Got: 7201
[02Jul2025 22:39:51.397] [main/WARN] [net.minecraftforge.registries.ForgeRegistry/REGISTRIES]: Registry minecraft:block: Object did not get ID it asked for. Name: croptopia:lettuce_crop Expected: 4909 Got: 7202
[02Jul2025 22:39:51.398] [main/WARN] [net.minecraftforge.registries.ForgeRegistry/REGISTRIES]: Registry minecraft:block: Object did not get ID it asked for. Name: croptopia:mustard_crop Expected: 4910 Got: 7203
[02Jul2025 22:39:51.398] [main/WARN] [net.minecraftforge.registries.ForgeRegistry/REGISTRIES]: Registry minecraft:block: Object did not get ID it asked for. Name: croptopia:oat_crop Expected: 4911 Got: 7204
[02Jul2025 22:39:51.398] [main/WARN] [net.minecraftforge.registries.ForgeRegistry/REGISTRIES]: Registry minecraft:block: Object did not get ID it asked for. Name: croptopia:olive_crop Expected: 4912 Got: 7205
[02Jul2025 22:39:51.398] [main/WARN] [net.minecraftforge.registries.ForgeRegistry/REGISTRIES]: Registry minecraft:block: Object did not get ID it asked for. Name: croptopia:onion_crop Expected: 4913 Got: 7206
[02Jul2025 22:39:51.398] [main/WARN] [net.minecraftforge.registries.ForgeRegistry/REGISTRIES]: Registry minecraft:block: Object did not get ID it asked for. Name: croptopia:peanut_crop Expected: 4914 Got: 7207
[02Jul2025 22:39:51.398] [main/WARN] [net.minecraftforge.registries.ForgeRegistry/REGISTRIES]: Registry minecraft:block: Object did not get ID it asked for. Name: croptopia:pepper_crop Expected: 4915 Got: 7208
[02Jul2025 22:39:51.398] [main/WARN] [net.minecraftforge.registries.ForgeRegistry/REGISTRIES]: Registry minecraft:block: Object did not get ID it asked for. Name: croptopia:pineapple_crop Expected: 4916 Got: 7209
[02Jul2025 22:39:51.398] [main/WARN] [net.minecraftforge.registries.ForgeRegistry/REGISTRIES]: Registry minecraft:block: Object did not get ID it asked for. Name: croptopia:radish_crop Expected: 4917 Got: 7210
[02Jul2025 22:39:51.398] [main/WARN] [net.minecraftforge.registries.ForgeRegistry/REGISTRIES]: Registry minecraft:block: Object did not get ID it asked for. Name: croptopia:raspberry_crop Expected: 4918 Got: 7211
[02Jul2025 22:39:51.398] [main/WARN] [net.minecraftforge.registries.ForgeRegistry/REGISTRIES]: Registry minecraft:block: Object did not get ID it asked for. Name: croptopia:rhubarb_crop Expected: 4919 Got: 7212
[02Jul2025 22:39:51.399] [main/WARN] [net.minecraftforge.registries.ForgeRegistry/REGISTRIES]: Registry minecraft:block: Object did not get ID it asked for. Name: croptopia:rice_crop Expected: 4920 Got: 7213
[02Jul2025 22:39:51.399] [main/WARN] [net.minecraftforge.registries.ForgeRegistry/REGISTRIES]: Registry minecraft:block: Object did not get ID it asked for. Name: croptopia:rutabaga_crop Expected: 4921 Got: 7214
[02Jul2025 22:39:51.399] [main/WARN] [net.minecraftforge.registries.ForgeRegistry/REGISTRIES]: Registry minecraft:block: Object did not get ID it asked for. Name: croptopia:saguaro_crop Expected: 4922 Got: 7215
[02Jul2025 22:39:51.399] [main/WARN] [net.minecraftforge.registries.ForgeRegistry/REGISTRIES]: Registry minecraft:block: Object did not get ID it asked for. Name: croptopia:soybean_crop Expected: 4923 Got: 7216
[02Jul2025 22:39:51.399] [main/WARN] [net.minecraftforge.registries.ForgeRegistry/REGISTRIES]: Registry minecraft:block: Object did not get ID it asked for. Name: croptopia:spinach_crop Expected: 4924 Got: 7217
[02Jul2025 22:39:51.400] [main/WARN] [net.minecraftforge.registries.ForgeRegistry/REGISTRIES]: Registry minecraft:block: Object did not get ID it asked for. Name: croptopia:squash_crop Expected: 4925 Got: 7218
[02Jul2025 22:39:51.400] [main/WARN] [net.minecraftforge.registries.ForgeRegistry/REGISTRIES]: Registry minecraft:block: Object did not get ID it asked for. Name: croptopia:strawberry_crop Expected: 4926 Got: 7219
[02Jul2025 22:39:51.400] [main/WARN] [net.minecraftforge.registries.ForgeRegistry/REGISTRIES]: Registry minecraft:block: Object did not get ID it asked for. Name: croptopia:sweetpotato_crop Expected: 4927 Got: 7220
[02Jul2025 22:39:51.400] [main/WARN] [net.minecraftforge.registries.ForgeRegistry/REGISTRIES]: Registry minecraft:block: Object did not get ID it asked for. Name: croptopia:tea_crop Expected: 4928 Got: 7221
[02Jul2025 22:39:51.400] [main/WARN] [net.minecraftforge.registries.ForgeRegistry/REGISTRIES]: Registry minecraft:block: Object did not get ID it asked for. Name: croptopia:tomatillo_crop Expected: 4929 Got: 7222
[02Jul2025 22:39:51.401] [main/WARN] [net.minecraftforge.registries.ForgeRegistry/REGISTRIES]: Registry minecraft:block: Object did not get ID it asked for. Name: croptopia:tomato_crop Expected: 4930 Got: 7223
[02Jul2025 22:39:51.401] [main/WARN] [net.minecraftforge.registries.ForgeRegistry/REGISTRIES]: Registry minecraft:block: Object did not get ID it asked for. Name: croptopia:turmeric_crop Expected: 4931 Got: 7224
[02Jul2025 22:39:51.401] [main/WARN] [net.minecraftforge.registries.ForgeRegistry/REGISTRIES]: Registry minecraft:block: Object did not get ID it asked for. Name: croptopia:turnip_crop Expected: 4932 Got: 7225
[02Jul2025 22:39:51.402] [main/WARN] [net.minecraftforge.registries.ForgeRegistry/REGISTRIES]: Registry minecraft:block: Object did not get ID it asked for. Name: croptopia:vanilla_crop Expected: 4933 Got: 7226
[02Jul2025 22:39:51.402] [main/WARN] [net.minecraftforge.registries.ForgeRegistry/REGISTRIES]: Registry minecraft:block: Object did not get ID it asked for. Name: croptopia:yam_crop Expected: 4934 Got: 7227
[02Jul2025 22:39:51.402] [main/WARN] [net.minecraftforge.registries.ForgeRegistry/REGISTRIES]: Registry minecraft:block: Object did not get ID it asked for. Name: croptopia:zucchini_crop Expected: 4935 Got: 7228
[02Jul2025 22:39:51.402] [main/WARN] [net.minecraftforge.registries.ForgeRegistry/REGISTRIES]: Registry minecraft:block: Object did not get ID it asked for. Name: croptopia:almond_sapling Expected: 4936 Got: 7229
[02Jul2025 22:39:51.403] [main/WARN] [net.minecraftforge.registries.ForgeRegistry/REGISTRIES]: Registry minecraft:block: Object did not get ID it asked for. Name: croptopia:almond_crop Expected: 4937 Got: 7230
[02Jul2025 22:39:51.403] [main/WARN] [net.minecraftforge.registries.ForgeRegistry/REGISTRIES]: Registry minecraft:block: Object did not get ID it asked for. Name: croptopia:apple_sapling Expected: 4938 Got: 7231
[02Jul2025 22:39:51.403] [main/WARN] [net.minecraftforge.registries.ForgeRegistry/REGISTRIES]: Registry minecraft:block: Object did not get ID it asked for. Name: croptopia:apple_crop Expected: 4939 Got: 7232
[02Jul2025 22:39:51.404] [main/WARN] [net.minecraftforge.registries.ForgeRegistry/REGISTRIES]: Registry minecraft:block: Object did not get ID it asked for. Name: croptopia:apricot_sapling Expected: 4940 Got: 7233
[02Jul2025 22:39:51.404] [main/WARN] [net.minecraftforge.registries.ForgeRegistry/REGISTRIES]: Registry minecraft:block: Object did not get ID it asked for. Name: croptopia:apricot_crop Expected: 4941 Got: 7234
[02Jul2025 22:39:51.404] [main/WARN] [net.minecraftforge.registries.ForgeRegistry/REGISTRIES]: Registry minecraft:block: Object did not get ID it asked for. Name: croptopia:avocado_sapling Expected: 4942 Got: 7235
[02Jul2025 22:39:51.404] [main/WARN] [net.minecraftforge.registries.ForgeRegistry/REGISTRIES]: Registry minecraft:block: Object did not get ID it asked for. Name: croptopia:avocado_crop Expected: 4943 Got: 7236
[02Jul2025 22:39:51.405] [main/WARN] [net.minecraftforge.registries.ForgeRegistry/REGISTRIES]: Registry minecraft:block: Object did not get ID it asked for. Name: croptopia:banana_sapling Expected: 4944 Got: 7237
[02Jul2025 22:39:51.405] [main/WARN] [net.minecraftforge.registries.ForgeRegistry/REGISTRIES]: Registry minecraft:block: Object did not get ID it asked for. Name: croptopia:banana_crop Expected: 4945 Got: 7238
[02Jul2025 22:39:51.405] [main/WARN] [net.minecraftforge.registries.ForgeRegistry/REGISTRIES]: Registry minecraft:block: Object did not get ID it asked for. Name: croptopia:cashew_sapling Expected: 4946 Got: 7239
[02Jul2025 22:39:51.405] [main/WARN] [net.minecraftforge.registries.ForgeRegistry/REGISTRIES]: Registry minecraft:block: Object did not get ID it asked for. Name: croptopia:cashew_crop Expected: 4947 Got: 7240
[02Jul2025 22:39:51.405] [main/WARN] [net.minecraftforge.registries.ForgeRegistry/REGISTRIES]: Registry minecraft:block: Object did not get ID it asked for. Name: croptopia:cherry_sapling Expected: 4948 Got: 7241
[02Jul2025 22:39:51.405] [main/WARN] [net.minecraftforge.registries.ForgeRegistry/REGISTRIES]: Registry minecraft:block: Object did not get ID it asked for. Name: croptopia:cherry_crop Expected: 4949 Got: 7242
[02Jul2025 22:39:51.405] [main/WARN] [net.minecraftforge.registries.ForgeRegistry/REGISTRIES]: Registry minecraft:block: Object did not get ID it asked for. Name: croptopia:coconut_sapling Expected: 4950 Got: 7243
[02Jul2025 22:39:51.405] [main/WARN] [net.minecraftforge.registries.ForgeRegistry/REGISTRIES]: Registry minecraft:block: Object did not get ID it asked for. Name: croptopia:coconut_crop Expected: 4951 Got: 7244
[02Jul2025 22:39:51.405] [main/WARN] [net.minecraftforge.registries.ForgeRegistry/REGISTRIES]: Registry minecraft:block: Object did not get ID it asked for. Name: croptopia:date_sapling Expected: 4952 Got: 7245
[02Jul2025 22:39:51.405] [main/WARN] [net.minecraftforge.registries.ForgeRegistry/REGISTRIES]: Registry minecraft:block: Object did not get ID it asked for. Name: croptopia:date_crop Expected: 4953 Got: 7246
[02Jul2025 22:39:51.405] [main/WARN] [net.minecraftforge.registries.ForgeRegistry/REGISTRIES]: Registry minecraft:block: Object did not get ID it asked for. Name: croptopia:dragonfruit_sapling Expected: 4954 Got: 7247
[02Jul2025 22:39:51.405] [main/WARN] [net.minecraftforge.registries.ForgeRegistry/REGISTRIES]: Registry minecraft:block: Object did not get ID it asked for. Name: croptopia:dragonfruit_crop Expected: 4955 Got: 7248
[02Jul2025 22:39:51.406] [main/WARN] [net.minecraftforge.registries.ForgeRegistry/REGISTRIES]: Registry minecraft:block: Object did not get ID it asked for. Name: croptopia:fig_sapling Expected: 4956 Got: 7249
[02Jul2025 22:39:51.406] [main/WARN] [net.minecraftforge.registries.ForgeRegistry/REGISTRIES]: Registry minecraft:block: Object did not get ID it asked for. Name: croptopia:fig_crop Expected: 4957 Got: 7250
[02Jul2025 22:39:51.406] [main/WARN] [net.minecraftforge.registries.ForgeRegistry/REGISTRIES]: Registry minecraft:block: Object did not get ID it asked for. Name: croptopia:grapefruit_sapling Expected: 4958 Got: 7251
[02Jul2025 22:39:51.406] [main/WARN] [net.minecraftforge.registries.ForgeRegistry/REGISTRIES]: Registry minecraft:block: Object did not get ID it asked for. Name: croptopia:grapefruit_crop Expected: 4959 Got: 7252
[02Jul2025 22:39:51.406] [main/WARN] [net.minecraftforge.registries.ForgeRegistry/REGISTRIES]: Registry minecraft:block: Object did not get ID it asked for. Name: croptopia:kumquat_sapling Expected: 4960 Got: 7253
[02Jul2025 22:39:51.406] [main/WARN] [net.minecraftforge.registries.ForgeRegistry/REGISTRIES]: Registry minecraft:block: Object did not get ID it asked for. Name: croptopia:kumquat_crop Expected: 4961 Got: 7254
[02Jul2025 22:39:51.406] [main/WARN] [net.minecraftforge.registries.ForgeRegistry/REGISTRIES]: Registry minecraft:block: Object did not get ID it asked for. Name: croptopia:lemon_sapling Expected: 4962 Got: 7255
[02Jul2025 22:39:51.406] [main/WARN] [net.minecraftforge.registries.ForgeRegistry/REGISTRIES]: Registry minecraft:block: Object did not get ID it asked for. Name: croptopia:lemon_crop Expected: 4963 Got: 7256
[02Jul2025 22:39:51.406] [main/WARN] [net.minecraftforge.registries.ForgeRegistry/REGISTRIES]: Registry minecraft:block: Object did not get ID it asked for. Name: croptopia:lime_sapling Expected: 4964 Got: 7257
[02Jul2025 22:39:51.406] [main/WARN] [net.minecraftforge.registries.ForgeRegistry/REGISTRIES]: Registry minecraft:block: Object did not get ID it asked for. Name: croptopia:lime_crop Expected: 4965 Got: 7258
[02Jul2025 22:39:51.406] [main/WARN] [net.minecraftforge.registries.ForgeRegistry/REGISTRIES]: Registry minecraft:block: Object did not get ID it asked for. Name: croptopia:mango_sapling Expected: 4966 Got: 7259
[02Jul2025 22:39:51.406] [main/WARN] [net.minecraftforge.registries.ForgeRegistry/REGISTRIES]: Registry minecraft:block: Object did not get ID it asked for. Name: croptopia:mango_crop Expected: 4967 Got: 7260
[02Jul2025 22:39:51.406] [main/WARN] [net.minecraftforge.registries.ForgeRegistry/REGISTRIES]: Registry minecraft:block: Object did not get ID it asked for. Name: croptopia:nectarine_sapling Expected: 4968 Got: 7261
[02Jul2025 22:39:51.407] [main/WARN] [net.minecraftforge.registries.ForgeRegistry/REGISTRIES]: Registry minecraft:block: Object did not get ID it asked for. Name: croptopia:nectarine_crop Expected: 4969 Got: 7262
[02Jul2025 22:39:51.407] [main/WARN] [net.minecraftforge.registries.ForgeRegistry/REGISTRIES]: Registry minecraft:block: Object did not get ID it asked for. Name: croptopia:nutmeg_sapling Expected: 4970 Got: 7263
[02Jul2025 22:39:51.407] [main/WARN] [net.minecraftforge.registries.ForgeRegistry/REGISTRIES]: Registry minecraft:block: Object did not get ID it asked for. Name: croptopia:nutmeg_crop Expected: 4971 Got: 7264
[02Jul2025 22:39:51.407] [main/WARN] [net.minecraftforge.registries.ForgeRegistry/REGISTRIES]: Registry minecraft:block: Object did not get ID it asked for. Name: croptopia:orange_sapling Expected: 4972 Got: 7265
[02Jul2025 22:39:51.407] [main/WARN] [net.minecraftforge.registries.ForgeRegistry/REGISTRIES]: Registry minecraft:block: Object did not get ID it asked for. Name: croptopia:orange_crop Expected: 4973 Got: 7266
[02Jul2025 22:39:51.407] [main/WARN] [net.minecraftforge.registries.ForgeRegistry/REGISTRIES]: Registry minecraft:block: Object did not get ID it asked for. Name: croptopia:peach_sapling Expected: 4974 Got: 7267
[02Jul2025 22:39:51.407] [main/WARN] [net.minecraftforge.registries.ForgeRegistry/REGISTRIES]: Registry minecraft:block: Object did not get ID it asked for. Name: croptopia:peach_crop Expected: 4975 Got: 7268
[02Jul2025 22:39:51.407] [main/WARN] [net.minecraftforge.registries.ForgeRegistry/REGISTRIES]: Registry minecraft:block: Object did not get ID it asked for. Name: croptopia:pear_sapling Expected: 4976 Got: 7269
[02Jul2025 22:39:51.407] [main/WARN] [net.minecraftforge.registries.ForgeRegistry/REGISTRIES]: Registry minecraft:block: Object did not get ID it asked for. Name: croptopia:pear_crop Expected: 4977 Got: 7270
[02Jul2025 22:39:51.407] [main/WARN] [net.minecraftforge.registries.ForgeRegistry/REGISTRIES]: Registry minecraft:block: Object did not get ID it asked for. Name: croptopia:pecan_sapling Expected: 4978 Got: 7271
[02Jul2025 22:39:51.409] [main/WARN] [net.minecraftforge.registries.ForgeRegistry/REGISTRIES]: Registry minecraft:block: Object did not get ID it asked for. Name: croptopia:pecan_crop Expected: 4979 Got: 7272
[02Jul2025 22:39:51.409] [main/WARN] [net.minecraftforge.registries.ForgeRegistry/REGISTRIES]: Registry minecraft:block: Object did not get ID it asked for. Name: croptopia:persimmon_sapling Expected: 4980 Got: 7273
[02Jul2025 22:39:51.409] [main/WARN] [net.minecraftforge.registries.ForgeRegistry/REGISTRIES]: Registry minecraft:block: Object did not get ID it asked for. Name: croptopia:persimmon_crop Expected: 4981 Got: 7274
[02Jul2025 22:39:51.410] [main/WARN] [net.minecraftforge.registries.ForgeRegistry/REGISTRIES]: Registry minecraft:block: Object did not get ID it asked for. Name: croptopia:plum_sapling Expected: 4982 Got: 7275
[02Jul2025 22:39:51.410] [main/WARN] [net.minecraftforge.registries.ForgeRegistry/REGISTRIES]: Registry minecraft:block: Object did not get ID it asked for. Name: croptopia:plum_crop Expected: 4983 Got: 7276
[02Jul2025 22:39:51.410] [main/WARN] [net.minecraftforge.registries.ForgeRegistry/REGISTRIES]: Registry minecraft:block: Object did not get ID it asked for. Name: croptopia:starfruit_sapling Expected: 4984 Got: 7277
[02Jul2025 22:39:51.410] [main/WARN] [net.minecraftforge.registries.ForgeRegistry/REGISTRIES]: Registry minecraft:block: Object did not get ID it asked for. Name: croptopia:starfruit_crop Expected: 4985 Got: 7278
[02Jul2025 22:39:51.411] [main/WARN] [net.minecraftforge.registries.ForgeRegistry/REGISTRIES]: Registry minecraft:block: Object did not get ID it asked for. Name: croptopia:walnut_sapling Expected: 4986 Got: 7279
[02Jul2025 22:39:51.411] [main/WARN] [net.minecraftforge.registries.ForgeRegistry/REGISTRIES]: Registry minecraft:block: Object did not get ID it asked for. Name: croptopia:walnut_crop Expected: 4987 Got: 7280
[02Jul2025 22:39:51.411] [main/WARN] [net.minecraftforge.registries.ForgeRegistry/REGISTRIES]: Registry minecraft:block: Object did not get ID it asked for. Name: croptopia:cinnamon_log Expected: 4988 Got: 7281
[02Jul2025 22:39:51.412] [main/WARN] [net.minecraftforge.registries.ForgeRegistry/REGISTRIES]: Registry minecraft:block: Object did not get ID it asked for. Name: croptopia:stripped_cinnamon_log Expected: 4989 Got: 7282
[02Jul2025 22:39:51.412] [main/WARN] [net.minecraftforge.registries.ForgeRegistry/REGISTRIES]: Registry minecraft:block: Object did not get ID it asked for. Name: croptopia:cinnamon_wood Expected: 4990 Got: 7283
[02Jul2025 22:39:51.412] [main/WARN] [net.minecraftforge.registries.ForgeRegistry/REGISTRIES]: Registry minecraft:block: Object did not get ID it asked for. Name: croptopia:stripped_cinnamon_wood Expected: 4991 Got: 7284
[02Jul2025 22:39:51.412] [main/WARN] [net.minecraftforge.registries.ForgeRegistry/REGISTRIES]: Registry minecraft:block: Object did not get ID it asked for. Name: croptopia:cinnamon_leaves Expected: 4992 Got: 7285
[02Jul2025 22:39:51.413] [main/WARN] [net.minecraftforge.registries.ForgeRegistry/REGISTRIES]: Registry minecraft:block: Object did not get ID it asked for. Name: croptopia:cinnamon_sapling Expected: 4993 Got: 7286
[02Jul2025 22:39:51.413] [main/WARN] [net.minecraftforge.registries.ForgeRegistry/REGISTRIES]: Registry minecraft:block: Object did not get ID it asked for. Name: croptopia:salt_ore Expected: 4994 Got: 7287
[02Jul2025 22:39:51.420] [main/WARN] [net.minecraftforge.registries.ForgeRegistry/REGISTRIES]: Registry minecraft:item: Object did not get ID it asked for. Name: croptopia:guide Expected: 7841 Got: 10376
[02Jul2025 22:39:51.420] [main/WARN] [net.minecraftforge.registries.ForgeRegistry/REGISTRIES]: Registry minecraft:item: Object did not get ID it asked for. Name: croptopia:artichoke Expected: 7842 Got: 10377
[02Jul2025 22:39:51.421] [main/WARN] [net.minecraftforge.registries.ForgeRegistry/REGISTRIES]: Registry minecraft:item: Object did not get ID it asked for. Name: croptopia:artichoke_seed Expected: 7843 Got: 10378
[02Jul2025 22:39:51.421] [main/WARN] [net.minecraftforge.registries.ForgeRegistry/REGISTRIES]: Registry minecraft:item: Object did not get ID it asked for. Name: croptopia:asparagus Expected: 7844 Got: 10379
[02Jul2025 22:39:51.421] [main/WARN] [net.minecraftforge.registries.ForgeRegistry/REGISTRIES]: Registry minecraft:item: Object did not get ID it asked for. Name: croptopia:asparagus_seed Expected: 7845 Got: 10380
[02Jul2025 22:39:51.421] [main/WARN] [net.minecraftforge.registries.ForgeRegistry/REGISTRIES]: Registry minecraft:item: Object did not get ID it asked for. Name: croptopia:barley Expected: 7846 Got: 10381
[02Jul2025 22:39:51.421] [main/WARN] [net.minecraftforge.registries.ForgeRegistry/REGISTRIES]: Registry minecraft:item: Object did not get ID it asked for. Name: croptopia:barley_seed Expected: 7847 Got: 10382
[02Jul2025 22:39:51.421] [main/WARN] [net.minecraftforge.registries.ForgeRegistry/REGISTRIES]: Registry minecraft:item: Object did not get ID it asked for. Name: croptopia:basil Expected: 7848 Got: 10383
[02Jul2025 22:39:51.421] [main/WARN] [net.minecraftforge.registries.ForgeRegistry/REGISTRIES]: Registry minecraft:item: Object did not get ID it asked for. Name: croptopia:basil_seed Expected: 7849 Got: 10384
[02Jul2025 22:39:51.422] [main/WARN] [net.minecraftforge.registries.ForgeRegistry/REGISTRIES]: Registry minecraft:item: Object did not get ID it asked for. Name: croptopia:bellpepper Expected: 7850 Got: 10385
[02Jul2025 22:39:51.422] [main/WARN] [net.minecraftforge.registries.ForgeRegistry/REGISTRIES]: Registry minecraft:item: Object did not get ID it asked for. Name: croptopia:bellpepper_seed Expected: 7851 Got: 10386
[02Jul2025 22:39:51.422] [main/WARN] [net.minecraftforge.registries.ForgeRegistry/REGISTRIES]: Registry minecraft:item: Object did not get ID it asked for. Name: croptopia:blackbean Expected: 7852 Got: 10387
[02Jul2025 22:39:51.422] [main/WARN] [net.minecraftforge.registries.ForgeRegistry/REGISTRIES]: Registry minecraft:item: Object did not get ID it asked for. Name: croptopia:blackbean_seed Expected: 7853 Got: 10388
[02Jul2025 22:39:51.422] [main/WARN] [net.minecraftforge.registries.ForgeRegistry/REGISTRIES]: Registry minecraft:item: Object did not get ID it asked for. Name: croptopia:blackberry Expected: 7854 Got: 10389
[02Jul2025 22:39:51.422] [main/WARN] [net.minecraftforge.registries.ForgeRegistry/REGISTRIES]: Registry minecraft:item: Object did not get ID it asked for. Name: croptopia:blackberry_seed Expected: 7855 Got: 10390
[02Jul2025 22:39:51.423] [main/WARN] [net.minecraftforge.registries.ForgeRegistry/REGISTRIES]: Registry minecraft:item: Object did not get ID it asked for. Name: croptopia:blueberry Expected: 7856 Got: 10391
[02Jul2025 22:39:51.423] [main/WARN] [net.minecraftforge.registries.ForgeRegistry/REGISTRIES]: Registry minecraft:item: Object did not get ID it asked for. Name: croptopia:blueberry_seed Expected: 7857 Got: 10392
[02Jul2025 22:39:51.423] [main/WARN] [net.minecraftforge.registries.ForgeRegistry/REGISTRIES]: Registry minecraft:item: Object did not get ID it asked for. Name: croptopia:broccoli Expected: 7858 Got: 10393
[02Jul2025 22:39:51.423] [main/WARN] [net.minecraftforge.registries.ForgeRegistry/REGISTRIES]: Registry minecraft:item: Object did not get ID it asked for. Name: croptopia:broccoli_seed Expected: 7859 Got: 10394
[02Jul2025 22:39:51.423] [main/WARN] [net.minecraftforge.registries.ForgeRegistry/REGISTRIES]: Registry minecraft:item: Object did not get ID it asked for. Name: croptopia:cabbage Expected: 7860 Got: 10395
[02Jul2025 22:39:51.423] [main/WARN] [net.minecraftforge.registries.ForgeRegistry/REGISTRIES]: Registry minecraft:item: Object did not get ID it asked for. Name: croptopia:cabbage_seed Expected: 7861 Got: 10396
[02Jul2025 22:39:51.423] [main/WARN] [net.minecraftforge.registries.ForgeRegistry/REGISTRIES]: Registry minecraft:item: Object did not get ID it asked for. Name: croptopia:cantaloupe Expected: 7862 Got: 10397
[02Jul2025 22:39:51.423] [main/WARN] [net.minecraftforge.registries.ForgeRegistry/REGISTRIES]: Registry minecraft:item: Object did not get ID it asked for. Name: croptopia:cantaloupe_seed Expected: 7863 Got: 10398
[02Jul2025 22:39:51.423] [main/WARN] [net.minecraftforge.registries.ForgeRegistry/REGISTRIES]: Registry minecraft:item: Object did not get ID it asked for. Name: croptopia:cauliflower Expected: 7864 Got: 10399
[02Jul2025 22:39:51.423] [main/WARN] [net.minecraftforge.registries.ForgeRegistry/REGISTRIES]: Registry minecraft:item: Object did not get ID it asked for. Name: croptopia:cauliflower_seed Expected: 7865 Got: 10400
[02Jul2025 22:39:51.424] [main/WARN] [net.minecraftforge.registries.ForgeRegistry/REGISTRIES]: Registry minecraft:item: Object did not get ID it asked for. Name: croptopia:celery Expected: 7866 Got: 10401
[02Jul2025 22:39:51.424] [main/WARN] [net.minecraftforge.registries.ForgeRegistry/REGISTRIES]: Registry minecraft:item: Object did not get ID it asked for. Name: croptopia:celery_seed Expected: 7867 Got: 10402
[02Jul2025 22:39:51.424] [main/WARN] [net.minecraftforge.registries.ForgeRegistry/REGISTRIES]: Registry minecraft:item: Object did not get ID it asked for. Name: croptopia:chile_pepper Expected: 7868 Got: 10403
[02Jul2025 22:39:51.424] [main/WARN] [net.minecraftforge.registries.ForgeRegistry/REGISTRIES]: Registry minecraft:item: Object did not get ID it asked for. Name: croptopia:chile_pepper_seed Expected: 7869 Got: 10404
[02Jul2025 22:39:51.424] [main/WARN] [net.minecraftforge.registries.ForgeRegistry/REGISTRIES]: Registry minecraft:item: Object did not get ID it asked for. Name: croptopia:coffee_beans Expected: 7870 Got: 10405
[02Jul2025 22:39:51.424] [main/WARN] [net.minecraftforge.registries.ForgeRegistry/REGISTRIES]: Registry minecraft:item: Object did not get ID it asked for. Name: croptopia:coffee_seed Expected: 7871 Got: 10406
[02Jul2025 22:39:51.424] [main/WARN] [net.minecraftforge.registries.ForgeRegistry/REGISTRIES]: Registry minecraft:item: Object did not get ID it asked for. Name: croptopia:corn Expected: 7872 Got: 10407
[02Jul2025 22:39:51.424] [main/WARN] [net.minecraftforge.registries.ForgeRegistry/REGISTRIES]: Registry minecraft:item: Object did not get ID it asked for. Name: croptopia:corn_seed Expected: 7873 Got: 10408
[02Jul2025 22:39:51.424] [main/WARN] [net.minecraftforge.registries.ForgeRegistry/REGISTRIES]: Registry minecraft:item: Object did not get ID it asked for. Name: croptopia:cranberry Expected: 7874 Got: 10409
[02Jul2025 22:39:51.424] [main/WARN] [net.minecraftforge.registries.ForgeRegistry/REGISTRIES]: Registry minecraft:item: Object did not get ID it asked for. Name: croptopia:cranberry_seed Expected: 7875 Got: 10410
[02Jul2025 22:39:51.425] [main/WARN] [net.minecraftforge.registries.ForgeRegistry/REGISTRIES]: Registry minecraft:item: Object did not get ID it asked for. Name: croptopia:cucumber Expected: 7876 Got: 10411
[02Jul2025 22:39:51.425] [main/WARN] [net.minecraftforge.registries.ForgeRegistry/REGISTRIES]: Registry minecraft:item: Object did not get ID it asked for. Name: croptopia:cucumber_seed Expected: 7877 Got: 10412
[02Jul2025 22:39:51.425] [main/WARN] [net.minecraftforge.registries.ForgeRegistry/REGISTRIES]: Registry minecraft:item: Object did not get ID it asked for. Name: croptopia:currant Expected: 7878 Got: 10413
[02Jul2025 22:39:51.425] [main/WARN] [net.minecraftforge.registries.ForgeRegistry/REGISTRIES]: Registry minecraft:item: Object did not get ID it asked for. Name: croptopia:currant_seed Expected: 7879 Got: 10414
[02Jul2025 22:39:51.425] [main/WARN] [net.minecraftforge.registries.ForgeRegistry/REGISTRIES]: Registry minecraft:item: Object did not get ID it asked for. Name: croptopia:eggplant Expected: 7880 Got: 10415
[02Jul2025 22:39:51.425] [main/WARN] [net.minecraftforge.registries.ForgeRegistry/REGISTRIES]: Registry minecraft:item: Object did not get ID it asked for. Name: croptopia:eggplant_seed Expected: 7881 Got: 10416
[02Jul2025 22:39:51.425] [main/WARN] [net.minecraftforge.registries.ForgeRegistry/REGISTRIES]: Registry minecraft:item: Object did not get ID it asked for. Name: croptopia:elderberry Expected: 7882 Got: 10417
[02Jul2025 22:39:51.425] [main/WARN] [net.minecraftforge.registries.ForgeRegistry/REGISTRIES]: Registry minecraft:item: Object did not get ID it asked for. Name: croptopia:elderberry_seed Expected: 7883 Got: 10418
[02Jul2025 22:39:51.425] [main/WARN] [net.minecraftforge.registries.ForgeRegistry/REGISTRIES]: Registry minecraft:item: Object did not get ID it asked for. Name: croptopia:garlic Expected: 7884 Got: 10419
[02Jul2025 22:39:51.425] [main/WARN] [net.minecraftforge.registries.ForgeRegistry/REGISTRIES]: Registry minecraft:item: Object did not get ID it asked for. Name: croptopia:garlic_seed Expected: 7885 Got: 10420
[02Jul2025 22:39:51.425] [main/WARN] [net.minecraftforge.registries.ForgeRegistry/REGISTRIES]: Registry minecraft:item: Object did not get ID it asked for. Name: croptopia:ginger Expected: 7886 Got: 10421
[02Jul2025 22:39:51.426] [main/WARN] [net.minecraftforge.registries.ForgeRegistry/REGISTRIES]: Registry minecraft:item: Object did not get ID it asked for. Name: croptopia:ginger_seed Expected: 7887 Got: 10422
[02Jul2025 22:39:51.426] [main/WARN] [net.minecraftforge.registries.ForgeRegistry/REGISTRIES]: Registry minecraft:item: Object did not get ID it asked for. Name: croptopia:grape Expected: 7888 Got: 10423
[02Jul2025 22:39:51.426] [main/WARN] [net.minecraftforge.registries.ForgeRegistry/REGISTRIES]: Registry minecraft:item: Object did not get ID it asked for. Name: croptopia:grape_seed Expected: 7889 Got: 10424
[02Jul2025 22:39:51.426] [main/WARN] [net.minecraftforge.registries.ForgeRegistry/REGISTRIES]: Registry minecraft:item: Object did not get ID it asked for. Name: croptopia:greenbean Expected: 7890 Got: 10425
[02Jul2025 22:39:51.426] [main/WARN] [net.minecraftforge.registries.ForgeRegistry/REGISTRIES]: Registry minecraft:item: Object did not get ID it asked for. Name: croptopia:greenbean_seed Expected: 7891 Got: 10426
[02Jul2025 22:39:51.426] [main/WARN] [net.minecraftforge.registries.ForgeRegistry/REGISTRIES]: Registry minecraft:item: Object did not get ID it asked for. Name: croptopia:greenonion Expected: 7892 Got: 10427
[02Jul2025 22:39:51.426] [main/WARN] [net.minecraftforge.registries.ForgeRegistry/REGISTRIES]: Registry minecraft:item: Object did not get ID it asked for. Name: croptopia:greenonion_seed Expected: 7893 Got: 10428
[02Jul2025 22:39:51.426] [main/WARN] [net.minecraftforge.registries.ForgeRegistry/REGISTRIES]: Registry minecraft:item: Object did not get ID it asked for. Name: croptopia:honeydew Expected: 7894 Got: 10429
[02Jul2025 22:39:51.426] [main/WARN] [net.minecraftforge.registries.ForgeRegistry/REGISTRIES]: Registry minecraft:item: Object did not get ID it asked for. Name: croptopia:honeydew_seed Expected: 7895 Got: 10430
[02Jul2025 22:39:51.426] [main/WARN] [net.minecraftforge.registries.ForgeRegistry/REGISTRIES]: Registry minecraft:item: Object did not get ID it asked for. Name: croptopia:hops Expected: 7896 Got: 10431
[02Jul2025 22:39:51.426] [main/WARN] [net.minecraftforge.registries.ForgeRegistry/REGISTRIES]: Registry minecraft:item: Object did not get ID it asked for. Name: croptopia:hops_seed Expected: 7897 Got: 10432
[02Jul2025 22:39:51.427] [main/WARN] [net.minecraftforge.registries.ForgeRegistry/REGISTRIES]: Registry minecraft:item: Object did not get ID it asked for. Name: croptopia:kale Expected: 7898 Got: 10433
[02Jul2025 22:39:51.427] [main/WARN] [net.minecraftforge.registries.ForgeRegistry/REGISTRIES]: Registry minecraft:item: Object did not get ID it asked for. Name: croptopia:kale_seed Expected: 7899 Got: 10434
[02Jul2025 22:39:51.427] [main/WARN] [net.minecraftforge.registries.ForgeRegistry/REGISTRIES]: Registry minecraft:item: Object did not get ID it asked for. Name: croptopia:kiwi Expected: 7900 Got: 10435
[02Jul2025 22:39:51.427] [main/WARN] [net.minecraftforge.registries.ForgeRegistry/REGISTRIES]: Registry minecraft:item: Object did not get ID it asked for. Name: croptopia:kiwi_seed Expected: 7901 Got: 10436
[02Jul2025 22:39:51.427] [main/WARN] [net.minecraftforge.registries.ForgeRegistry/REGISTRIES]: Registry minecraft:item: Object did not get ID it asked for. Name: croptopia:leek Expected: 7902 Got: 10437
[02Jul2025 22:39:51.427] [main/WARN] [net.minecraftforge.registries.ForgeRegistry/REGISTRIES]: Registry minecraft:item: Object did not get ID it asked for. Name: croptopia:leek_seed Expected: 7903 Got: 10438
[02Jul2025 22:39:51.427] [main/WARN] [net.minecraftforge.registries.ForgeRegistry/REGISTRIES]: Registry minecraft:item: Object did not get ID it asked for. Name: croptopia:lettuce Expected: 7904 Got: 10439
[02Jul2025 22:39:51.427] [main/WARN] [net.minecraftforge.registries.ForgeRegistry/REGISTRIES]: Registry minecraft:item: Object did not get ID it asked for. Name: croptopia:lettuce_seed Expected: 7905 Got: 10440
[02Jul2025 22:39:51.427] [main/WARN] [net.minecraftforge.registries.ForgeRegistry/REGISTRIES]: Registry minecraft:item: Object did not get ID it asked for. Name: croptopia:mustard Expected: 7906 Got: 10441
[02Jul2025 22:39:51.427] [main/WARN] [net.minecraftforge.registries.ForgeRegistry/REGISTRIES]: Registry minecraft:item: Object did not get ID it asked for. Name: croptopia:mustard_seed Expected: 7907 Got: 10442
[02Jul2025 22:39:51.427] [main/WARN] [net.minecraftforge.registries.ForgeRegistry/REGISTRIES]: Registry minecraft:item: Object did not get ID it asked for. Name: croptopia:oat Expected: 7908 Got: 10443
[02Jul2025 22:39:51.427] [main/WARN] [net.minecraftforge.registries.ForgeRegistry/REGISTRIES]: Registry minecraft:item: Object did not get ID it asked for. Name: croptopia:oat_seed Expected: 7909 Got: 10444
[02Jul2025 22:39:51.428] [main/WARN] [net.minecraftforge.registries.ForgeRegistry/REGISTRIES]: Registry minecraft:item: Object did not get ID it asked for. Name: croptopia:olive Expected: 7910 Got: 10445
[02Jul2025 22:39:51.428] [main/WARN] [net.minecraftforge.registries.ForgeRegistry/REGISTRIES]: Registry minecraft:item: Object did not get ID it asked for. Name: croptopia:olive_seed Expected: 7911 Got: 10446
[02Jul2025 22:39:51.428] [main/WARN] [net.minecraftforge.registries.ForgeRegistry/REGISTRIES]: Registry minecraft:item: Object did not get ID it asked for. Name: croptopia:onion Expected: 7912 Got: 10447
[02Jul2025 22:39:51.428] [main/WARN] [net.minecraftforge.registries.ForgeRegistry/REGISTRIES]: Registry minecraft:item: Object did not get ID it asked for. Name: croptopia:onion_seed Expected: 7913 Got: 10448
[02Jul2025 22:39:51.428] [main/WARN] [net.minecraftforge.registries.ForgeRegistry/REGISTRIES]: Registry minecraft:item: Object did not get ID it asked for. Name: croptopia:peanut Expected: 7914 Got: 10449
[02Jul2025 22:39:51.428] [main/WARN] [net.minecraftforge.registries.ForgeRegistry/REGISTRIES]: Registry minecraft:item: Object did not get ID it asked for. Name: croptopia:peanut_seed Expected: 7915 Got: 10450
[02Jul2025 22:39:51.428] [main/WARN] [net.minecraftforge.registries.ForgeRegistry/REGISTRIES]: Registry minecraft:item: Object did not get ID it asked for. Name: croptopia:pepper Expected: 7916 Got: 10451
[02Jul2025 22:39:51.428] [main/WARN] [net.minecraftforge.registries.ForgeRegistry/REGISTRIES]: Registry minecraft:item: Object did not get ID it asked for. Name: croptopia:pepper_seed Expected: 7917 Got: 10452
[02Jul2025 22:39:51.428] [main/WARN] [net.minecraftforge.registries.ForgeRegistry/REGISTRIES]: Registry minecraft:item: Object did not get ID it asked for. Name: croptopia:pineapple Expected: 7918 Got: 10453
[02Jul2025 22:39:51.428] [main/WARN] [net.minecraftforge.registries.ForgeRegistry/REGISTRIES]: Registry minecraft:item: Object did not get ID it asked for. Name: croptopia:pineapple_seed Expected: 7919 Got: 10454
[02Jul2025 22:39:51.428] [main/WARN] [net.minecraftforge.registries.ForgeRegistry/REGISTRIES]: Registry minecraft:item: Object did not get ID it asked for. Name: croptopia:radish Expected: 7920 Got: 10455
[02Jul2025 22:39:51.428] [main/WARN] [net.minecraftforge.registries.ForgeRegistry/REGISTRIES]: Registry minecraft:item: Object did not get ID it asked for. Name: croptopia:radish_seed Expected: 7921 Got: 10456
[02Jul2025 22:39:51.429] [main/WARN] [net.minecraftforge.registries.ForgeRegistry/REGISTRIES]: Registry minecraft:item: Object did not get ID it asked for. Name: croptopia:raspberry Expected: 7922 Got: 10457
[02Jul2025 22:39:51.429] [main/WARN] [net.minecraftforge.registries.ForgeRegistry/REGISTRIES]: Registry minecraft:item: Object did not get ID it asked for. Name: croptopia:raspberry_seed Expected: 7923 Got: 10458
[02Jul2025 22:39:51.429] [main/WARN] [net.minecraftforge.registries.ForgeRegistry/REGISTRIES]: Registry minecraft:item: Object did not get ID it asked for. Name: croptopia:rhubarb Expected: 7924 Got: 10459
[02Jul2025 22:39:51.429] [main/WARN] [net.minecraftforge.registries.ForgeRegistry/REGISTRIES]: Registry minecraft:item: Object did not get ID it asked for. Name: croptopia:rhubarb_seed Expected: 7925 Got: 10460
[02Jul2025 22:39:51.429] [main/WARN] [net.minecraftforge.registries.ForgeRegistry/REGISTRIES]: Registry minecraft:item: Object did not get ID it asked for. Name: croptopia:rice Expected: 7926 Got: 10461
[02Jul2025 22:39:51.429] [main/WARN] [net.minecraftforge.registries.ForgeRegistry/REGISTRIES]: Registry minecraft:item: Object did not get ID it asked for. Name: croptopia:rice_seed Expected: 7927 Got: 10462
[02Jul2025 22:39:51.429] [main/WARN] [net.minecraftforge.registries.ForgeRegistry/REGISTRIES]: Registry minecraft:item: Object did not get ID it asked for. Name: croptopia:rutabaga Expected: 7928 Got: 10463
[02Jul2025 22:39:51.429] [main/WARN] [net.minecraftforge.registries.ForgeRegistry/REGISTRIES]: Registry minecraft:item: Object did not get ID it asked for. Name: croptopia:rutabaga_seed Expected: 7929 Got: 10464
[02Jul2025 22:39:51.429] [main/WARN] [net.minecraftforge.registries.ForgeRegistry/REGISTRIES]: Registry minecraft:item: Object did not get ID it asked for. Name: croptopia:saguaro Expected: 7930 Got: 10465
[02Jul2025 22:39:51.429] [main/WARN] [net.minecraftforge.registries.ForgeRegistry/REGISTRIES]: Registry minecraft:item: Object did not get ID it asked for. Name: croptopia:saguaro_seed Expected: 7931 Got: 10466
[02Jul2025 22:39:51.429] [main/WARN] [net.minecraftforge.registries.ForgeRegistry/REGISTRIES]: Registry minecraft:item: Object did not get ID it asked for. Name: croptopia:soybean Expected: 7932 Got: 10467
[02Jul2025 22:39:51.430] [main/WARN] [net.minecraftforge.registries.ForgeRegistry/REGISTRIES]: Registry minecraft:item: Object did not get ID it asked for. Name: croptopia:soybean_seed Expected: 7933 Got: 10468
[02Jul2025 22:39:51.430] [main/WARN] [net.minecraftforge.registries.ForgeRegistry/REGISTRIES]: Registry minecraft:item: Object did not get ID it asked for. Name: croptopia:spinach Expected: 7934 Got: 10469
[02Jul2025 22:39:51.430] [main/WARN] [net.minecraftforge.registries.ForgeRegistry/REGISTRIES]: Registry minecraft:item: Object did not get ID it asked for. Name: croptopia:spinach_seed Expected: 7935 Got: 10470
[02Jul2025 22:39:51.430] [main/WARN] [net.minecraftforge.registries.ForgeRegistry/REGISTRIES]: Registry minecraft:item: Object did not get ID it asked for. Name: croptopia:squash Expected: 7936 Got: 10471
[02Jul2025 22:39:51.430] [main/WARN] [net.minecraftforge.registries.ForgeRegistry/REGISTRIES]: Registry minecraft:item: Object did not get ID it asked for. Name: croptopia:squash_seed Expected: 7937 Got: 10472
[02Jul2025 22:39:51.430] [main/WARN] [net.minecraftforge.registries.ForgeRegistry/REGISTRIES]: Registry minecraft:item: Object did not get ID it asked for. Name: croptopia:strawberry Expected: 7938 Got: 10473
[02Jul2025 22:39:51.430] [main/WARN] [net.minecraftforge.registries.ForgeRegistry/REGISTRIES]: Registry minecraft:item: Object did not get ID it asked for. Name: croptopia:strawberry_seed Expected: 7939 Got: 10474
[02Jul2025 22:39:51.431] [main/WARN] [net.minecraftforge.registries.ForgeRegistry/REGISTRIES]: Registry minecraft:item: Object did not get ID it asked for. Name: croptopia:sweetpotato Expected: 7940 Got: 10475
[02Jul2025 22:39:51.431] [main/WARN] [net.minecraftforge.registries.ForgeRegistry/REGISTRIES]: Registry minecraft:item: Object did not get ID it asked for. Name: croptopia:sweetpotato_seed Expected: 7941 Got: 10476
[02Jul2025 22:39:51.432] [main/WARN] [net.minecraftforge.registries.ForgeRegistry/REGISTRIES]: Registry minecraft:item: Object did not get ID it asked for. Name: croptopia:tea_leaves Expected: 7942 Got: 10477
[02Jul2025 22:39:51.432] [main/WARN] [net.minecraftforge.registries.ForgeRegistry/REGISTRIES]: Registry minecraft:item: Object did not get ID it asked for. Name: croptopia:tea_seed Expected: 7943 Got: 10478
[02Jul2025 22:39:51.432] [main/WARN] [net.minecraftforge.registries.ForgeRegistry/REGISTRIES]: Registry minecraft:item: Object did not get ID it asked for. Name: croptopia:tomatillo Expected: 7944 Got: 10479
[02Jul2025 22:39:51.432] [main/WARN] [net.minecraftforge.registries.ForgeRegistry/REGISTRIES]: Registry minecraft:item: Object did not get ID it asked for. Name: croptopia:tomatillo_seed Expected: 7945 Got: 10480
[02Jul2025 22:39:51.432] [main/WARN] [net.minecraftforge.registries.ForgeRegistry/REGISTRIES]: Registry minecraft:item: Object did not get ID it asked for. Name: croptopia:tomato Expected: 7946 Got: 10481
[02Jul2025 22:39:51.432] [main/WARN] [net.minecraftforge.registries.ForgeRegistry/REGISTRIES]: Registry minecraft:item: Object did not get ID it asked for. Name: croptopia:tomato_seed Expected: 7947 Got: 10482
[02Jul2025 22:39:51.432] [main/WARN] [net.minecraftforge.registries.ForgeRegistry/REGISTRIES]: Registry minecraft:item: Object did not get ID it asked for. Name: croptopia:turmeric Expected: 7948 Got: 10483
[02Jul2025 22:39:51.432] [main/WARN] [net.minecraftforge.registries.ForgeRegistry/REGISTRIES]: Registry minecraft:item: Object did not get ID it asked for. Name: croptopia:turmeric_seed Expected: 7949 Got: 10484
[02Jul2025 22:39:51.432] [main/WARN] [net.minecraftforge.registries.ForgeRegistry/REGISTRIES]: Registry minecraft:item: Object did not get ID it asked for. Name: croptopia:turnip Expected: 7950 Got: 10485
[02Jul2025 22:39:51.433] [main/WARN] [net.minecraftforge.registries.ForgeRegistry/REGISTRIES]: Registry minecraft:item: Object did not get ID it asked for. Name: croptopia:turnip_seed Expected: 7951 Got: 10486
[02Jul2025 22:39:51.434] [main/WARN] [net.minecraftforge.registries.ForgeRegistry/REGISTRIES]: Registry minecraft:item: Object did not get ID it asked for. Name: croptopia:vanilla Expected: 7952 Got: 10487
[02Jul2025 22:39:51.434] [main/WARN] [net.minecraftforge.registries.ForgeRegistry/REGISTRIES]: Registry minecraft:item: Object did not get ID it asked for. Name: croptopia:vanilla_seeds Expected: 7953 Got: 10488
[02Jul2025 22:39:51.434] [main/WARN] [net.minecraftforge.registries.ForgeRegistry/REGISTRIES]: Registry minecraft:item: Object did not get ID it asked for. Name: croptopia:yam Expected: 7954 Got: 10489
[02Jul2025 22:39:51.434] [main/WARN] [net.minecraftforge.registries.ForgeRegistry/REGISTRIES]: Registry minecraft:item: Object did not get ID it asked for. Name: croptopia:yam_seed Expected: 7955 Got: 10490
[02Jul2025 22:39:51.434] [main/WARN] [net.minecraftforge.registries.ForgeRegistry/REGISTRIES]: Registry minecraft:item: Object did not get ID it asked for. Name: croptopia:zucchini Expected: 7956 Got: 10491
[02Jul2025 22:39:51.435] [main/WARN] [net.minecraftforge.registries.ForgeRegistry/REGISTRIES]: Registry minecraft:item: Object did not get ID it asked for. Name: croptopia:zucchini_seed Expected: 7957 Got: 10492
[02Jul2025 22:39:51.435] [main/WARN] [net.minecraftforge.registries.ForgeRegistry/REGISTRIES]: Registry minecraft:item: Object did not get ID it asked for. Name: croptopia:almond Expected: 7958 Got: 10493
[02Jul2025 22:39:51.435] [main/WARN] [net.minecraftforge.registries.ForgeRegistry/REGISTRIES]: Registry minecraft:item: Object did not get ID it asked for. Name: croptopia:almond_sapling Expected: 7959 Got: 10494
[02Jul2025 22:39:51.436] [main/WARN] [net.minecraftforge.registries.ForgeRegistry/REGISTRIES]: Registry minecraft:item: Object did not get ID it asked for. Name: croptopia:apple_sapling Expected: 7960 Got: 10495
[02Jul2025 22:39:51.436] [main/WARN] [net.minecraftforge.registries.ForgeRegistry/REGISTRIES]: Registry minecraft:item: Object did not get ID it asked for. Name: croptopia:apricot Expected: 7961 Got: 10496
[02Jul2025 22:39:51.437] [main/WARN] [net.minecraftforge.registries.ForgeRegistry/REGISTRIES]: Registry minecraft:item: Object did not get ID it asked for. Name: croptopia:apricot_sapling Expected: 7962 Got: 10497
[02Jul2025 22:39:51.437] [main/WARN] [net.minecraftforge.registries.ForgeRegistry/REGISTRIES]: Registry minecraft:item: Object did not get ID it asked for. Name: croptopia:avocado Expected: 7963 Got: 10498
[02Jul2025 22:39:51.437] [main/WARN] [net.minecraftforge.registries.ForgeRegistry/REGISTRIES]: Registry minecraft:item: Object did not get ID it asked for. Name: croptopia:avocado_sapling Expected: 7964 Got: 10499
[02Jul2025 22:39:51.437] [main/WARN] [net.minecraftforge.registries.ForgeRegistry/REGISTRIES]: Registry minecraft:item: Object did not get ID it asked for. Name: croptopia:banana Expected: 7965 Got: 10500
[02Jul2025 22:39:51.437] [main/WARN] [net.minecraftforge.registries.ForgeRegistry/REGISTRIES]: Registry minecraft:item: Object did not get ID it asked for. Name: croptopia:banana_sapling Expected: 7966 Got: 10501
[02Jul2025 22:39:51.438] [main/WARN] [net.minecraftforge.registries.ForgeRegistry/REGISTRIES]: Registry minecraft:item: Object did not get ID it asked for. Name: croptopia:cashew Expected: 7967 Got: 10502
[02Jul2025 22:39:51.438] [main/WARN] [net.minecraftforge.registries.ForgeRegistry/REGISTRIES]: Registry minecraft:item: Object did not get ID it asked for. Name: croptopia:cashew_sapling Expected: 7968 Got: 10503
[02Jul2025 22:39:51.438] [main/WARN] [net.minecraftforge.registries.ForgeRegistry/REGISTRIES]: Registry minecraft:item: Object did not get ID it asked for. Name: croptopia:cherry Expected: 7969 Got: 10504
[02Jul2025 22:39:51.438] [main/WARN] [net.minecraftforge.registries.ForgeRegistry/REGISTRIES]: Registry minecraft:item: Object did not get ID it asked for. Name: croptopia:cherry_sapling Expected: 7970 Got: 10505
[02Jul2025 22:39:51.438] [main/WARN] [net.minecraftforge.registries.ForgeRegistry/REGISTRIES]: Registry minecraft:item: Object did not get ID it asked for. Name: croptopia:coconut Expected: 7971 Got: 10506
[02Jul2025 22:39:51.439] [main/WARN] [net.minecraftforge.registries.ForgeRegistry/REGISTRIES]: Registry minecraft:item: Object did not get ID it asked for. Name: croptopia:coconut_sapling Expected: 7972 Got: 10507
[02Jul2025 22:39:51.439] [main/WARN] [net.minecraftforge.registries.ForgeRegistry/REGISTRIES]: Registry minecraft:item: Object did not get ID it asked for. Name: croptopia:date Expected: 7973 Got: 10508
[02Jul2025 22:39:51.439] [main/WARN] [net.minecraftforge.registries.ForgeRegistry/REGISTRIES]: Registry minecraft:item: Object did not get ID it asked for. Name: croptopia:date_sapling Expected: 7974 Got: 10509
[02Jul2025 22:39:51.439] [main/WARN] [net.minecraftforge.registries.ForgeRegistry/REGISTRIES]: Registry minecraft:item: Object did not get ID it asked for. Name: croptopia:dragonfruit Expected: 7975 Got: 10510
[02Jul2025 22:39:51.439] [main/WARN] [net.minecraftforge.registries.ForgeRegistry/REGISTRIES]: Registry minecraft:item: Object did not get ID it asked for. Name: croptopia:dragonfruit_sapling Expected: 7976 Got: 10511
[02Jul2025 22:39:51.439] [main/WARN] [net.minecraftforge.registries.ForgeRegistry/REGISTRIES]: Registry minecraft:item: Object did not get ID it asked for. Name: croptopia:fig Expected: 7977 Got: 10512
[02Jul2025 22:39:51.440] [main/WARN] [net.minecraftforge.registries.ForgeRegistry/REGISTRIES]: Registry minecraft:item: Object did not get ID it asked for. Name: croptopia:fig_sapling Expected: 7978 Got: 10513
[02Jul2025 22:39:51.440] [main/WARN] [net.minecraftforge.registries.ForgeRegistry/REGISTRIES]: Registry minecraft:item: Object did not get ID it asked for. Name: croptopia:grapefruit Expected: 7979 Got: 10514
[02Jul2025 22:39:51.440] [main/WARN] [net.minecraftforge.registries.ForgeRegistry/REGISTRIES]: Registry minecraft:item: Object did not get ID it asked for. Name: croptopia:grapefruit_sapling Expected: 7980 Got: 10515
[02Jul2025 22:39:51.440] [main/WARN] [net.minecraftforge.registries.ForgeRegistry/REGISTRIES]: Registry minecraft:item: Object did not get ID it asked for. Name: croptopia:kumquat Expected: 7981 Got: 10516
[02Jul2025 22:39:51.440] [main/WARN] [net.minecraftforge.registries.ForgeRegistry/REGISTRIES]: Registry minecraft:item: Object did not get ID it asked for. Name: croptopia:kumquat_sapling Expected: 7982 Got: 10517
[02Jul2025 22:39:51.441] [main/WARN] [net.minecraftforge.registries.ForgeRegistry/REGISTRIES]: Registry minecraft:item: Object did not get ID it asked for. Name: croptopia:lemon Expected: 7983 Got: 10518
[02Jul2025 22:39:51.441] [main/WARN] [net.minecraftforge.registries.ForgeRegistry/REGISTRIES]: Registry minecraft:item: Object did not get ID it asked for. Name: croptopia:lemon_sapling Expected: 7984 Got: 10519
[02Jul2025 22:39:51.441] [main/WARN] [net.minecraftforge.registries.ForgeRegistry/REGISTRIES]: Registry minecraft:item: Object did not get ID it asked for. Name: croptopia:lime Expected: 7985 Got: 10520
[02Jul2025 22:39:51.442] [main/WARN] [net.minecraftforge.registries.ForgeRegistry/REGISTRIES]: Registry minecraft:item: Object did not get ID it asked for. Name: croptopia:lime_sapling Expected: 7986 Got: 10521
[02Jul2025 22:39:51.442] [main/WARN] [net.minecraftforge.registries.ForgeRegistry/REGISTRIES]: Registry minecraft:item: Object did not get ID it asked for. Name: croptopia:mango Expected: 7987 Got: 10522
[02Jul2025 22:39:51.442] [main/WARN] [net.minecraftforge.registries.ForgeRegistry/REGISTRIES]: Registry minecraft:item: Object did not get ID it asked for. Name: croptopia:mango_sapling Expected: 7988 Got: 10523
[02Jul2025 22:39:51.442] [main/WARN] [net.minecraftforge.registries.ForgeRegistry/REGISTRIES]: Registry minecraft:item: Object did not get ID it asked for. Name: croptopia:nectarine Expected: 7989 Got: 10524
[02Jul2025 22:39:51.442] [main/WARN] [net.minecraftforge.registries.ForgeRegistry/REGISTRIES]: Registry minecraft:item: Object did not get ID it asked for. Name: croptopia:nectarine_sapling Expected: 7990 Got: 10525
[02Jul2025 22:39:51.442] [main/WARN] [net.minecraftforge.registries.ForgeRegistry/REGISTRIES]: Registry minecraft:item: Object did not get ID it asked for. Name: croptopia:nutmeg Expected: 7991 Got: 10526
[02Jul2025 22:39:51.443] [main/WARN] [net.minecraftforge.registries.ForgeRegistry/REGISTRIES]: Registry minecraft:item: Object did not get ID it asked for. Name: croptopia:nutmeg_sapling Expected: 7992 Got: 10527
[02Jul2025 22:39:51.443] [main/WARN] [net.minecraftforge.registries.ForgeRegistry/REGISTRIES]: Registry minecraft:item: Object did not get ID it asked for. Name: croptopia:orange Expected: 7993 Got: 10528
[02Jul2025 22:39:51.443] [main/WARN] [net.minecraftforge.registries.ForgeRegistry/REGISTRIES]: Registry minecraft:item: Object did not get ID it asked for. Name: croptopia:orange_sapling Expected: 7994 Got: 10529
[02Jul2025 22:39:51.443] [main/WARN] [net.minecraftforge.registries.ForgeRegistry/REGISTRIES]: Registry minecraft:item: Object did not get ID it asked for. Name: croptopia:peach Expected: 7995 Got: 10530
[02Jul2025 22:39:51.443] [main/WARN] [net.minecraftforge.registries.ForgeRegistry/REGISTRIES]: Registry minecraft:item: Object did not get ID it asked for. Name: croptopia:peach_sapling Expected: 7996 Got: 10531
[02Jul2025 22:39:51.443] [main/WARN] [net.minecraftforge.registries.ForgeRegistry/REGISTRIES]: Registry minecraft:item: Object did not get ID it asked for. Name: croptopia:pear Expected: 7997 Got: 10532
[02Jul2025 22:39:51.443] [main/WARN] [net.minecraftforge.registries.ForgeRegistry/REGISTRIES]: Registry minecraft:item: Object did not get ID it asked for. Name: croptopia:pear_sapling Expected: 7998 Got: 10533
[02Jul2025 22:39:51.443] [main/WARN] [net.minecraftforge.registries.ForgeRegistry/REGISTRIES]: Registry minecraft:item: Object did not get ID it asked for. Name: croptopia:pecan Expected: 7999 Got: 10534
[02Jul2025 22:39:51.443] [main/WARN] [net.minecraftforge.registries.ForgeRegistry/REGISTRIES]: Registry minecraft:item: Object did not get ID it asked for. Name: croptopia:pecan_sapling Expected: 8000 Got: 10535
[02Jul2025 22:39:51.443] [main/WARN] [net.minecraftforge.registries.ForgeRegistry/REGISTRIES]: Registry minecraft:item: Object did not get ID it asked for. Name: croptopia:persimmon Expected: 8001 Got: 10536
[02Jul2025 22:39:51.443] [main/WARN] [net.minecraftforge.registries.ForgeRegistry/REGISTRIES]: Registry minecraft:item: Object did not get ID it asked for. Name: croptopia:persimmon_sapling Expected: 8002 Got: 10537
[02Jul2025 22:39:51.443] [main/WARN] [net.minecraftforge.registries.ForgeRegistry/REGISTRIES]: Registry minecraft:item: Object did not get ID it asked for. Name: croptopia:plum Expected: 8003 Got: 10538
[02Jul2025 22:39:51.444] [main/WARN] [net.minecraftforge.registries.ForgeRegistry/REGISTRIES]: Registry minecraft:item: Object did not get ID it asked for. Name: croptopia:plum_sapling Expected: 8004 Got: 10539
[02Jul2025 22:39:51.444] [main/WARN] [net.minecraftforge.registries.ForgeRegistry/REGISTRIES]: Registry minecraft:item: Object did not get ID it asked for. Name: croptopia:starfruit Expected: 8005 Got: 10540
[02Jul2025 22:39:51.444] [main/WARN] [net.minecraftforge.registries.ForgeRegistry/REGISTRIES]: Registry minecraft:item: Object did not get ID it asked for. Name: croptopia:starfruit_sapling Expected: 8006 Got: 10541
[02Jul2025 22:39:51.444] [main/WARN] [net.minecraftforge.registries.ForgeRegistry/REGISTRIES]: Registry minecraft:item: Object did not get ID it asked for. Name: croptopia:walnut Expected: 8007 Got: 10542
[02Jul2025 22:39:51.444] [main/WARN] [net.minecraftforge.registries.ForgeRegistry/REGISTRIES]: Registry minecraft:item: Object did not get ID it asked for. Name: croptopia:walnut_sapling Expected: 8008 Got: 10543
[02Jul2025 22:39:51.444] [main/WARN] [net.minecraftforge.registries.ForgeRegistry/REGISTRIES]: Registry minecraft:item: Object did not get ID it asked for. Name: croptopia:cinnamon Expected: 8009 Got: 10544
[02Jul2025 22:39:51.444] [main/WARN] [net.minecraftforge.registries.ForgeRegistry/REGISTRIES]: Registry minecraft:item: Object did not get ID it asked for. Name: croptopia:cinnamon_log Expected: 8010 Got: 10545
[02Jul2025 22:39:51.444] [main/WARN] [net.minecraftforge.registries.ForgeRegistry/REGISTRIES]: Registry minecraft:item: Object did not get ID it asked for. Name: croptopia:stripped_cinnamon_log Expected: 8011 Got: 10546
[02Jul2025 22:39:51.444] [main/WARN] [net.minecraftforge.registries.ForgeRegistry/REGISTRIES]: Registry minecraft:item: Object did not get ID it asked for. Name: croptopia:cinnamon_wood Expected: 8012 Got: 10547
[02Jul2025 22:39:51.444] [main/WARN] [net.minecraftforge.registries.ForgeRegistry/REGISTRIES]: Registry minecraft:item: Object did not get ID it asked for. Name: croptopia:stripped_cinnamon_wood Expected: 8013 Got: 10548
[02Jul2025 22:39:51.444] [main/WARN] [net.minecraftforge.registries.ForgeRegistry/REGISTRIES]: Registry minecraft:item: Object did not get ID it asked for. Name: croptopia:cinnamon_sapling Expected: 8014 Got: 10549
[02Jul2025 22:39:51.445] [main/WARN] [net.minecraftforge.registries.ForgeRegistry/REGISTRIES]: Registry minecraft:item: Object did not get ID it asked for. Name: croptopia:anchovy Expected: 8015 Got: 10550
[02Jul2025 22:39:51.445] [main/WARN] [net.minecraftforge.registries.ForgeRegistry/REGISTRIES]: Registry minecraft:item: Object did not get ID it asked for. Name: croptopia:calamari Expected: 8016 Got: 10551
[02Jul2025 22:39:51.445] [main/WARN] [net.minecraftforge.registries.ForgeRegistry/REGISTRIES]: Registry minecraft:item: Object did not get ID it asked for. Name: croptopia:clam Expected: 8017 Got: 10552
[02Jul2025 22:39:51.445] [main/WARN] [net.minecraftforge.registries.ForgeRegistry/REGISTRIES]: Registry minecraft:item: Object did not get ID it asked for. Name: croptopia:crab Expected: 8018 Got: 10553
[02Jul2025 22:39:51.445] [main/WARN] [net.minecraftforge.registries.ForgeRegistry/REGISTRIES]: Registry minecraft:item: Object did not get ID it asked for. Name: croptopia:glowing_calamari Expected: 8019 Got: 10554
[02Jul2025 22:39:51.445] [main/WARN] [net.minecraftforge.registries.ForgeRegistry/REGISTRIES]: Registry minecraft:item: Object did not get ID it asked for. Name: croptopia:oyster Expected: 8020 Got: 10555
[02Jul2025 22:39:51.445] [main/WARN] [net.minecraftforge.registries.ForgeRegistry/REGISTRIES]: Registry minecraft:item: Object did not get ID it asked for. Name: croptopia:roe Expected: 8021 Got: 10556
[02Jul2025 22:39:51.445] [main/WARN] [net.minecraftforge.registries.ForgeRegistry/REGISTRIES]: Registry minecraft:item: Object did not get ID it asked for. Name: croptopia:shrimp Expected: 8022 Got: 10557
[02Jul2025 22:39:51.445] [main/WARN] [net.minecraftforge.registries.ForgeRegistry/REGISTRIES]: Registry minecraft:item: Object did not get ID it asked for. Name: croptopia:tuna Expected: 8023 Got: 10558
[02Jul2025 22:39:51.445] [main/WARN] [net.minecraftforge.registries.ForgeRegistry/REGISTRIES]: Registry minecraft:item: Object did not get ID it asked for. Name: croptopia:baked_beans Expected: 8024 Got: 10559
[02Jul2025 22:39:51.445] [main/WARN] [net.minecraftforge.registries.ForgeRegistry/REGISTRIES]: Registry minecraft:item: Object did not get ID it asked for. Name: croptopia:baked_sweet_potato Expected: 8025 Got: 10560
[02Jul2025 22:39:51.445] [main/WARN] [net.minecraftforge.registries.ForgeRegistry/REGISTRIES]: Registry minecraft:item: Object did not get ID it asked for. Name: croptopia:baked_yam Expected: 8026 Got: 10561
[02Jul2025 22:39:51.446] [main/WARN] [net.minecraftforge.registries.ForgeRegistry/REGISTRIES]: Registry minecraft:item: Object did not get ID it asked for. Name: croptopia:caramel Expected: 8027 Got: 10562
[02Jul2025 22:39:51.446] [main/WARN] [net.minecraftforge.registries.ForgeRegistry/REGISTRIES]: Registry minecraft:item: Object did not get ID it asked for. Name: croptopia:cooked_anchovy Expected: 8028 Got: 10563
[02Jul2025 22:39:51.446] [main/WARN] [net.minecraftforge.registries.ForgeRegistry/REGISTRIES]: Registry minecraft:item: Object did not get ID it asked for. Name: croptopia:cooked_bacon Expected: 8029 Got: 10564
[02Jul2025 22:39:51.446] [main/WARN] [net.minecraftforge.registries.ForgeRegistry/REGISTRIES]: Registry minecraft:item: Object did not get ID it asked for. Name: croptopia:cooked_calamari Expected: 8030 Got: 10565
[02Jul2025 22:39:51.446] [main/WARN] [net.minecraftforge.registries.ForgeRegistry/REGISTRIES]: Registry minecraft:item: Object did not get ID it asked for. Name: croptopia:cooked_shrimp Expected: 8031 Got: 10566
[02Jul2025 22:39:51.446] [main/WARN] [net.minecraftforge.registries.ForgeRegistry/REGISTRIES]: Registry minecraft:item: Object did not get ID it asked for. Name: croptopia:cooked_tuna Expected: 8032 Got: 10567
[02Jul2025 22:39:51.446] [main/WARN] [net.minecraftforge.registries.ForgeRegistry/REGISTRIES]: Registry minecraft:item: Object did not get ID it asked for. Name: croptopia:molasses Expected: 8033 Got: 10568
[02Jul2025 22:39:51.446] [main/WARN] [net.minecraftforge.registries.ForgeRegistry/REGISTRIES]: Registry minecraft:item: Object did not get ID it asked for. Name: croptopia:popcorn Expected: 8034 Got: 10569
[02Jul2025 22:39:51.446] [main/WARN] [net.minecraftforge.registries.ForgeRegistry/REGISTRIES]: Registry minecraft:item: Object did not get ID it asked for. Name: croptopia:raisins Expected: 8035 Got: 10570
[02Jul2025 22:39:51.446] [main/WARN] [net.minecraftforge.registries.ForgeRegistry/REGISTRIES]: Registry minecraft:item: Object did not get ID it asked for. Name: croptopia:toast Expected: 8036 Got: 10571
[02Jul2025 22:39:51.446] [main/WARN] [net.minecraftforge.registries.ForgeRegistry/REGISTRIES]: Registry minecraft:item: Object did not get ID it asked for. Name: croptopia:apple_juice Expected: 8037 Got: 10572
[02Jul2025 22:39:51.446] [main/WARN] [net.minecraftforge.registries.ForgeRegistry/REGISTRIES]: Registry minecraft:item: Object did not get ID it asked for. Name: croptopia:cranberry_juice Expected: 8038 Got: 10573
[02Jul2025 22:39:51.447] [main/WARN] [net.minecraftforge.registries.ForgeRegistry/REGISTRIES]: Registry minecraft:item: Object did not get ID it asked for. Name: croptopia:grape_juice Expected: 8039 Got: 10574
[02Jul2025 22:39:51.447] [main/WARN] [net.minecraftforge.registries.ForgeRegistry/REGISTRIES]: Registry minecraft:item: Object did not get ID it asked for. Name: croptopia:melon_juice Expected: 8040 Got: 10575
[02Jul2025 22:39:51.447] [main/WARN] [net.minecraftforge.registries.ForgeRegistry/REGISTRIES]: Registry minecraft:item: Object did not get ID it asked for. Name: croptopia:orange_juice Expected: 8041 Got: 10576
[02Jul2025 22:39:51.447] [main/WARN] [net.minecraftforge.registries.ForgeRegistry/REGISTRIES]: Registry minecraft:item: Object did not get ID it asked for. Name: croptopia:pineapple_juice Expected: 8042 Got: 10577
[02Jul2025 22:39:51.447] [main/WARN] [net.minecraftforge.registries.ForgeRegistry/REGISTRIES]: Registry minecraft:item: Object did not get ID it asked for. Name: croptopia:saguaro_juice Expected: 8043 Got: 10578
[02Jul2025 22:39:51.447] [main/WARN] [net.minecraftforge.registries.ForgeRegistry/REGISTRIES]: Registry minecraft:item: Object did not get ID it asked for. Name: croptopia:tomato_juice Expected: 8044 Got: 10579
[02Jul2025 22:39:51.447] [main/WARN] [net.minecraftforge.registries.ForgeRegistry/REGISTRIES]: Registry minecraft:item: Object did not get ID it asked for. Name: croptopia:apricot_jam Expected: 8045 Got: 10580
[02Jul2025 22:39:51.447] [main/WARN] [net.minecraftforge.registries.ForgeRegistry/REGISTRIES]: Registry minecraft:item: Object did not get ID it asked for. Name: croptopia:blackberry_jam Expected: 8046 Got: 10581
[02Jul2025 22:39:51.447] [main/WARN] [net.minecraftforge.registries.ForgeRegistry/REGISTRIES]: Registry minecraft:item: Object did not get ID it asked for. Name: croptopia:blueberry_jam Expected: 8047 Got: 10582
[02Jul2025 22:39:51.447] [main/WARN] [net.minecraftforge.registries.ForgeRegistry/REGISTRIES]: Registry minecraft:item: Object did not get ID it asked for. Name: croptopia:cherry_jam Expected: 8048 Got: 10583
[02Jul2025 22:39:51.448] [main/WARN] [net.minecraftforge.registries.ForgeRegistry/REGISTRIES]: Registry minecraft:item: Object did not get ID it asked for. Name: croptopia:elderberry_jam Expected: 8049 Got: 10584
[02Jul2025 22:39:51.448] [main/WARN] [net.minecraftforge.registries.ForgeRegistry/REGISTRIES]: Registry minecraft:item: Object did not get ID it asked for. Name: croptopia:grape_jam Expected: 8050 Got: 10585
[02Jul2025 22:39:51.448] [main/WARN] [net.minecraftforge.registries.ForgeRegistry/REGISTRIES]: Registry minecraft:item: Object did not get ID it asked for. Name: croptopia:peach_jam Expected: 8051 Got: 10586
[02Jul2025 22:39:51.448] [main/WARN] [net.minecraftforge.registries.ForgeRegistry/REGISTRIES]: Registry minecraft:item: Object did not get ID it asked for. Name: croptopia:raspberry_jam Expected: 8052 Got: 10587
[02Jul2025 22:39:51.448] [main/WARN] [net.minecraftforge.registries.ForgeRegistry/REGISTRIES]: Registry minecraft:item: Object did not get ID it asked for. Name: croptopia:strawberry_jam Expected: 8053 Got: 10588
[02Jul2025 22:39:51.449] [main/WARN] [net.minecraftforge.registries.ForgeRegistry/REGISTRIES]: Registry minecraft:item: Object did not get ID it asked for. Name: croptopia:banana_smoothie Expected: 8054 Got: 10589
[02Jul2025 22:39:51.449] [main/WARN] [net.minecraftforge.registries.ForgeRegistry/REGISTRIES]: Registry minecraft:item: Object did not get ID it asked for. Name: croptopia:strawberry_smoothie Expected: 8055 Got: 10590
[02Jul2025 22:39:51.449] [main/WARN] [net.minecraftforge.registries.ForgeRegistry/REGISTRIES]: Registry minecraft:item: Object did not get ID it asked for. Name: croptopia:mango_ice_cream Expected: 8056 Got: 10591
[02Jul2025 22:39:51.449] [main/WARN] [net.minecraftforge.registries.ForgeRegistry/REGISTRIES]: Registry minecraft:item: Object did not get ID it asked for. Name: croptopia:pecan_ice_cream Expected: 8057 Got: 10592
[02Jul2025 22:39:51.449] [main/WARN] [net.minecraftforge.registries.ForgeRegistry/REGISTRIES]: Registry minecraft:item: Object did not get ID it asked for. Name: croptopia:strawberry_ice_cream Expected: 8058 Got: 10593
[02Jul2025 22:39:51.450] [main/WARN] [net.minecraftforge.registries.ForgeRegistry/REGISTRIES]: Registry minecraft:item: Object did not get ID it asked for. Name: croptopia:vanilla_ice_cream Expected: 8059 Got: 10594
[02Jul2025 22:39:51.450] [main/WARN] [net.minecraftforge.registries.ForgeRegistry/REGISTRIES]: Registry minecraft:item: Object did not get ID it asked for. Name: croptopia:apple_pie Expected: 8060 Got: 10595
[02Jul2025 22:39:51.450] [main/WARN] [net.minecraftforge.registries.ForgeRegistry/REGISTRIES]: Registry minecraft:item: Object did not get ID it asked for. Name: croptopia:cherry_pie Expected: 8061 Got: 10596
[02Jul2025 22:39:51.450] [main/WARN] [net.minecraftforge.registries.ForgeRegistry/REGISTRIES]: Registry minecraft:item: Object did not get ID it asked for. Name: croptopia:pecan_pie Expected: 8062 Got: 10597
[02Jul2025 22:39:51.450] [main/WARN] [net.minecraftforge.registries.ForgeRegistry/REGISTRIES]: Registry minecraft:item: Object did not get ID it asked for. Name: croptopia:rhubarb_pie Expected: 8063 Got: 10598
[02Jul2025 22:39:51.450] [main/WARN] [net.minecraftforge.registries.ForgeRegistry/REGISTRIES]: Registry minecraft:item: Object did not get ID it asked for. Name: croptopia:cooking_pot Expected: 8064 Got: 10599
[02Jul2025 22:39:51.451] [main/WARN] [net.minecraftforge.registries.ForgeRegistry/REGISTRIES]: Registry minecraft:item: Object did not get ID it asked for. Name: croptopia:food_press Expected: 8065 Got: 10600
[02Jul2025 22:39:51.451] [main/WARN] [net.minecraftforge.registries.ForgeRegistry/REGISTRIES]: Registry minecraft:item: Object did not get ID it asked for. Name: croptopia:frying_pan Expected: 8066 Got: 10601
[02Jul2025 22:39:51.451] [main/WARN] [net.minecraftforge.registries.ForgeRegistry/REGISTRIES]: Registry minecraft:item: Object did not get ID it asked for. Name: croptopia:knife Expected: 8067 Got: 10602
[02Jul2025 22:39:51.451] [main/WARN] [net.minecraftforge.registries.ForgeRegistry/REGISTRIES]: Registry minecraft:item: Object did not get ID it asked for. Name: croptopia:mortar_and_pestle Expected: 8068 Got: 10603
[02Jul2025 22:39:51.451] [main/WARN] [net.minecraftforge.registries.ForgeRegistry/REGISTRIES]: Registry minecraft:item: Object did not get ID it asked for. Name: croptopia:paprika Expected: 8069 Got: 10604
[02Jul2025 22:39:51.451] [main/WARN] [net.minecraftforge.registries.ForgeRegistry/REGISTRIES]: Registry minecraft:item: Object did not get ID it asked for. Name: croptopia:salt Expected: 8070 Got: 10605
[02Jul2025 22:39:51.451] [main/WARN] [net.minecraftforge.registries.ForgeRegistry/REGISTRIES]: Registry minecraft:item: Object did not get ID it asked for. Name: croptopia:olive_oil Expected: 8071 Got: 10606
[02Jul2025 22:39:51.451] [main/WARN] [net.minecraftforge.registries.ForgeRegistry/REGISTRIES]: Registry minecraft:item: Object did not get ID it asked for. Name: croptopia:cheese Expected: 8072 Got: 10607
[02Jul2025 22:39:51.451] [main/WARN] [net.minecraftforge.registries.ForgeRegistry/REGISTRIES]: Registry minecraft:item: Object did not get ID it asked for. Name: croptopia:flour Expected: 8073 Got: 10608
[02Jul2025 22:39:51.451] [main/WARN] [net.minecraftforge.registries.ForgeRegistry/REGISTRIES]: Registry minecraft:item: Object did not get ID it asked for. Name: croptopia:butter Expected: 8074 Got: 10609
[02Jul2025 22:39:51.451] [main/WARN] [net.minecraftforge.registries.ForgeRegistry/REGISTRIES]: Registry minecraft:item: Object did not get ID it asked for. Name: croptopia:noodle Expected: 8075 Got: 10610
[02Jul2025 22:39:51.451] [main/WARN] [net.minecraftforge.registries.ForgeRegistry/REGISTRIES]: Registry minecraft:item: Object did not get ID it asked for. Name: croptopia:tofu Expected: 8076 Got: 10611
[02Jul2025 22:39:51.451] [main/WARN] [net.minecraftforge.registries.ForgeRegistry/REGISTRIES]: Registry minecraft:item: Object did not get ID it asked for. Name: croptopia:chocolate Expected: 8077 Got: 10612
[02Jul2025 22:39:51.452] [main/WARN] [net.minecraftforge.registries.ForgeRegistry/REGISTRIES]: Registry minecraft:item: Object did not get ID it asked for. Name: croptopia:tortilla Expected: 8078 Got: 10613
[02Jul2025 22:39:51.452] [main/WARN] [net.minecraftforge.registries.ForgeRegistry/REGISTRIES]: Registry minecraft:item: Object did not get ID it asked for. Name: croptopia:soy_sauce Expected: 8079 Got: 10614
[02Jul2025 22:39:51.452] [main/WARN] [net.minecraftforge.registries.ForgeRegistry/REGISTRIES]: Registry minecraft:item: Object did not get ID it asked for. Name: croptopia:dough Expected: 8080 Got: 10615
[02Jul2025 22:39:51.452] [main/WARN] [net.minecraftforge.registries.ForgeRegistry/REGISTRIES]: Registry minecraft:item: Object did not get ID it asked for. Name: croptopia:ravioli Expected: 8081 Got: 10616
[02Jul2025 22:39:51.452] [main/WARN] [net.minecraftforge.registries.ForgeRegistry/REGISTRIES]: Registry minecraft:item: Object did not get ID it asked for. Name: croptopia:salsa Expected: 8082 Got: 10617
[02Jul2025 22:39:51.452] [main/WARN] [net.minecraftforge.registries.ForgeRegistry/REGISTRIES]: Registry minecraft:item: Object did not get ID it asked for. Name: croptopia:artichoke_dip Expected: 8083 Got: 10618
[02Jul2025 22:39:51.452] [main/WARN] [net.minecraftforge.registries.ForgeRegistry/REGISTRIES]: Registry minecraft:item: Object did not get ID it asked for. Name: croptopia:pepperoni Expected: 8084 Got: 10619
[02Jul2025 22:39:51.452] [main/WARN] [net.minecraftforge.registries.ForgeRegistry/REGISTRIES]: Registry minecraft:item: Object did not get ID it asked for. Name: croptopia:coffee Expected: 8085 Got: 10620
[02Jul2025 22:39:51.452] [main/WARN] [net.minecraftforge.registries.ForgeRegistry/REGISTRIES]: Registry minecraft:item: Object did not get ID it asked for. Name: croptopia:lemonade Expected: 8086 Got: 10621
[02Jul2025 22:39:51.452] [main/WARN] [net.minecraftforge.registries.ForgeRegistry/REGISTRIES]: Registry minecraft:item: Object did not get ID it asked for. Name: croptopia:limeade Expected: 8087 Got: 10622
[02Jul2025 22:39:51.452] [main/WARN] [net.minecraftforge.registries.ForgeRegistry/REGISTRIES]: Registry minecraft:item: Object did not get ID it asked for. Name: croptopia:soy_milk Expected: 8088 Got: 10623
[02Jul2025 22:39:51.453] [main/WARN] [net.minecraftforge.registries.ForgeRegistry/REGISTRIES]: Registry minecraft:item: Object did not get ID it asked for. Name: croptopia:kale_smoothie Expected: 8089 Got: 10624
[02Jul2025 22:39:51.453] [main/WARN] [net.minecraftforge.registries.ForgeRegistry/REGISTRIES]: Registry minecraft:item: Object did not get ID it asked for. Name: croptopia:fruit_smoothie Expected: 8090 Got: 10625
[02Jul2025 22:39:51.453] [main/WARN] [net.minecraftforge.registries.ForgeRegistry/REGISTRIES]: Registry minecraft:item: Object did not get ID it asked for. Name: croptopia:chocolate_milkshake Expected: 8091 Got: 10626
[02Jul2025 22:39:51.453] [main/WARN] [net.minecraftforge.registries.ForgeRegistry/REGISTRIES]: Registry minecraft:item: Object did not get ID it asked for. Name: croptopia:beer Expected: 8092 Got: 10627
[02Jul2025 22:39:51.453] [main/WARN] [net.minecraftforge.registries.ForgeRegistry/REGISTRIES]: Registry minecraft:item: Object did not get ID it asked for. Name: croptopia:wine Expected: 8093 Got: 10628
[02Jul2025 22:39:51.453] [main/WARN] [net.minecraftforge.registries.ForgeRegistry/REGISTRIES]: Registry minecraft:item: Object did not get ID it asked for. Name: croptopia:mead Expected: 8094 Got: 10629
[02Jul2025 22:39:51.453] [main/WARN] [net.minecraftforge.registries.ForgeRegistry/REGISTRIES]: Registry minecraft:item: Object did not get ID it asked for. Name: croptopia:rum Expected: 8095 Got: 10630
[02Jul2025 22:39:51.453] [main/WARN] [net.minecraftforge.registries.ForgeRegistry/REGISTRIES]: Registry minecraft:item: Object did not get ID it asked for. Name: croptopia:pumpkin_spice_latte Expected: 8096 Got: 10631
[02Jul2025 22:39:51.453] [main/WARN] [net.minecraftforge.registries.ForgeRegistry/REGISTRIES]: Registry minecraft:item: Object did not get ID it asked for. Name: croptopia:beef_jerky Expected: 8097 Got: 10632
[02Jul2025 22:39:51.453] [main/WARN] [net.minecraftforge.registries.ForgeRegistry/REGISTRIES]: Registry minecraft:item: Object did not get ID it asked for. Name: croptopia:pork_jerky Expected: 8098 Got: 10633
[02Jul2025 22:39:51.453] [main/WARN] [net.minecraftforge.registries.ForgeRegistry/REGISTRIES]: Registry minecraft:item: Object did not get ID it asked for. Name: croptopia:kale_chips Expected: 8099 Got: 10634
[02Jul2025 22:39:51.453] [main/WARN] [net.minecraftforge.registries.ForgeRegistry/REGISTRIES]: Registry minecraft:item: Object did not get ID it asked for. Name: croptopia:potato_chips Expected: 8100 Got: 10635
[02Jul2025 22:39:51.454] [main/WARN] [net.minecraftforge.registries.ForgeRegistry/REGISTRIES]: Registry minecraft:item: Object did not get ID it asked for. Name: croptopia:steamed_rice Expected: 8101 Got: 10636
[02Jul2025 22:39:51.454] [main/WARN] [net.minecraftforge.registries.ForgeRegistry/REGISTRIES]: Registry minecraft:item: Object did not get ID it asked for. Name: croptopia:french_fries Expected: 8102 Got: 10637
[02Jul2025 22:39:51.454] [main/WARN] [net.minecraftforge.registries.ForgeRegistry/REGISTRIES]: Registry minecraft:item: Object did not get ID it asked for. Name: croptopia:sweet_potato_fries Expected: 8103 Got: 10638
[02Jul2025 22:39:51.454] [main/WARN] [net.minecraftforge.registries.ForgeRegistry/REGISTRIES]: Registry minecraft:item: Object did not get ID it asked for. Name: croptopia:onion_rings Expected: 8104 Got: 10639
[02Jul2025 22:39:51.454] [main/WARN] [net.minecraftforge.registries.ForgeRegistry/REGISTRIES]: Registry minecraft:item: Object did not get ID it asked for. Name: croptopia:doughnut Expected: 8105 Got: 10640
[02Jul2025 22:39:51.454] [main/WARN] [net.minecraftforge.registries.ForgeRegistry/REGISTRIES]: Registry minecraft:item: Object did not get ID it asked for. Name: croptopia:cucumber_salad Expected: 8106 Got: 10641
[02Jul2025 22:39:51.454] [main/WARN] [net.minecraftforge.registries.ForgeRegistry/REGISTRIES]: Registry minecraft:item: Object did not get ID it asked for. Name: croptopia:caesar_salad Expected: 8107 Got: 10642
[02Jul2025 22:39:51.454] [main/WARN] [net.minecraftforge.registries.ForgeRegistry/REGISTRIES]: Registry minecraft:item: Object did not get ID it asked for. Name: croptopia:leafy_salad Expected: 8108 Got: 10643
[02Jul2025 22:39:51.454] [main/WARN] [net.minecraftforge.registries.ForgeRegistry/REGISTRIES]: Registry minecraft:item: Object did not get ID it asked for. Name: croptopia:fruit_salad Expected: 8109 Got: 10644
[02Jul2025 22:39:51.454] [main/WARN] [net.minecraftforge.registries.ForgeRegistry/REGISTRIES]: Registry minecraft:item: Object did not get ID it asked for. Name: croptopia:veggie_salad Expected: 8110 Got: 10645
[02Jul2025 22:39:51.455] [main/WARN] [net.minecraftforge.registries.ForgeRegistry/REGISTRIES]: Registry minecraft:item: Object did not get ID it asked for. Name: croptopia:pork_and_beans Expected: 8111 Got: 10646
[02Jul2025 22:39:51.455] [main/WARN] [net.minecraftforge.registries.ForgeRegistry/REGISTRIES]: Registry minecraft:item: Object did not get ID it asked for. Name: croptopia:oatmeal Expected: 8112 Got: 10647
[02Jul2025 22:39:51.455] [main/WARN] [net.minecraftforge.registries.ForgeRegistry/REGISTRIES]: Registry minecraft:item: Object did not get ID it asked for. Name: croptopia:leek_soup Expected: 8113 Got: 10648
[02Jul2025 22:39:51.455] [main/WARN] [net.minecraftforge.registries.ForgeRegistry/REGISTRIES]: Registry minecraft:item: Object did not get ID it asked for. Name: croptopia:yoghurt Expected: 8114 Got: 10649
[02Jul2025 22:39:51.455] [main/WARN] [net.minecraftforge.registries.ForgeRegistry/REGISTRIES]: Registry minecraft:item: Object did not get ID it asked for. Name: croptopia:saucy_chips Expected: 8115 Got: 10650
[02Jul2025 22:39:51.455] [main/WARN] [net.minecraftforge.registries.ForgeRegistry/REGISTRIES]: Registry minecraft:item: Object did not get ID it asked for. Name: croptopia:roasted_nuts Expected: 8116 Got: 10651
[02Jul2025 22:39:51.455] [main/WARN] [net.minecraftforge.registries.ForgeRegistry/REGISTRIES]: Registry minecraft:item: Object did not get ID it asked for. Name: croptopia:trail_mix Expected: 8117 Got: 10652
[02Jul2025 22:39:51.455] [main/WARN] [net.minecraftforge.registries.ForgeRegistry/REGISTRIES]: Registry minecraft:item: Object did not get ID it asked for. Name: croptopia:protein_bar Expected: 8118 Got: 10653
[02Jul2025 22:39:51.455] [main/WARN] [net.minecraftforge.registries.ForgeRegistry/REGISTRIES]: Registry minecraft:item: Object did not get ID it asked for. Name: croptopia:nougat Expected: 8119 Got: 10654
[02Jul2025 22:39:51.456] [main/WARN] [net.minecraftforge.registries.ForgeRegistry/REGISTRIES]: Registry minecraft:item: Object did not get ID it asked for. Name: croptopia:scrambled_eggs Expected: 8120 Got: 10655
[02Jul2025 22:39:51.456] [main/WARN] [net.minecraftforge.registries.ForgeRegistry/REGISTRIES]: Registry minecraft:item: Object did not get ID it asked for. Name: croptopia:buttered_toast Expected: 8121 Got: 10656
[02Jul2025 22:39:51.456] [main/WARN] [net.minecraftforge.registries.ForgeRegistry/REGISTRIES]: Registry minecraft:item: Object did not get ID it asked for. Name: croptopia:toast_with_jam Expected: 8122 Got: 10657
[02Jul2025 22:39:51.456] [main/WARN] [net.minecraftforge.registries.ForgeRegistry/REGISTRIES]: Registry minecraft:item: Object did not get ID it asked for. Name: croptopia:ham_sandwich Expected: 8123 Got: 10658
[02Jul2025 22:39:51.456] [main/WARN] [net.minecraftforge.registries.ForgeRegistry/REGISTRIES]: Registry minecraft:item: Object did not get ID it asked for. Name: croptopia:peanut_butter_and_jam Expected: 8124 Got: 10659
[02Jul2025 22:39:51.456] [main/WARN] [net.minecraftforge.registries.ForgeRegistry/REGISTRIES]: Registry minecraft:item: Object did not get ID it asked for. Name: croptopia:blt Expected: 8125 Got: 10660
[02Jul2025 22:39:51.456] [main/WARN] [net.minecraftforge.registries.ForgeRegistry/REGISTRIES]: Registry minecraft:item: Object did not get ID it asked for. Name: croptopia:grilled_cheese Expected: 8126 Got: 10661
[02Jul2025 22:39:51.456] [main/WARN] [net.minecraftforge.registries.ForgeRegistry/REGISTRIES]: Registry minecraft:item: Object did not get ID it asked for. Name: croptopia:tuna_sandwich Expected: 8127 Got: 10662
[02Jul2025 22:39:51.456] [main/WARN] [net.minecraftforge.registries.ForgeRegistry/REGISTRIES]: Registry minecraft:item: Object did not get ID it asked for. Name: croptopia:cheeseburger Expected: 8128 Got: 10663
[02Jul2025 22:39:51.456] [main/WARN] [net.minecraftforge.registries.ForgeRegistry/REGISTRIES]: Registry minecraft:item: Object did not get ID it asked for. Name: croptopia:hamburger Expected: 8129 Got: 10664
[02Jul2025 22:39:51.456] [main/WARN] [net.minecraftforge.registries.ForgeRegistry/REGISTRIES]: Registry minecraft:item: Object did not get ID it asked for. Name: croptopia:tofuburger Expected: 8130 Got: 10665
[02Jul2025 22:39:51.457] [main/WARN] [net.minecraftforge.registries.ForgeRegistry/REGISTRIES]: Registry minecraft:item: Object did not get ID it asked for. Name: croptopia:pizza Expected: 8131 Got: 10666
[02Jul2025 22:39:51.457] [main/WARN] [net.minecraftforge.registries.ForgeRegistry/REGISTRIES]: Registry minecraft:item: Object did not get ID it asked for. Name: croptopia:supreme_pizza Expected: 8132 Got: 10667
[02Jul2025 22:39:51.457] [main/WARN] [net.minecraftforge.registries.ForgeRegistry/REGISTRIES]: Registry minecraft:item: Object did not get ID it asked for. Name: croptopia:cheese_pizza Expected: 8133 Got: 10668
[02Jul2025 22:39:51.457] [main/WARN] [net.minecraftforge.registries.ForgeRegistry/REGISTRIES]: Registry minecraft:item: Object did not get ID it asked for. Name: croptopia:pineapple_pepperoni_pizza Expected: 8134 Got: 10669
[02Jul2025 22:39:51.457] [main/WARN] [net.minecraftforge.registries.ForgeRegistry/REGISTRIES]: Registry minecraft:item: Object did not get ID it asked for. Name: croptopia:lemon_chicken Expected: 8135 Got: 10670
[02Jul2025 22:39:51.457] [main/WARN] [net.minecraftforge.registries.ForgeRegistry/REGISTRIES]: Registry minecraft:item: Object did not get ID it asked for. Name: croptopia:fried_chicken Expected: 8136 Got: 10671
[02Jul2025 22:39:51.457] [main/WARN] [net.minecraftforge.registries.ForgeRegistry/REGISTRIES]: Registry minecraft:item: Object did not get ID it asked for. Name: croptopia:chicken_and_noodles Expected: 8137 Got: 10672
[02Jul2025 22:39:51.457] [main/WARN] [net.minecraftforge.registries.ForgeRegistry/REGISTRIES]: Registry minecraft:item: Object did not get ID it asked for. Name: croptopia:chicken_and_dumplings Expected: 8138 Got: 10673
[02Jul2025 22:39:51.457] [main/WARN] [net.minecraftforge.registries.ForgeRegistry/REGISTRIES]: Registry minecraft:item: Object did not get ID it asked for. Name: croptopia:tofu_and_dumplings Expected: 8139 Got: 10674
[02Jul2025 22:39:51.457] [main/WARN] [net.minecraftforge.registries.ForgeRegistry/REGISTRIES]: Registry minecraft:item: Object did not get ID it asked for. Name: croptopia:spaghetti_squash Expected: 8140 Got: 10675
[02Jul2025 22:39:51.457] [main/WARN] [net.minecraftforge.registries.ForgeRegistry/REGISTRIES]: Registry minecraft:item: Object did not get ID it asked for. Name: croptopia:chicken_and_rice Expected: 8141 Got: 10676
[02Jul2025 22:39:51.457] [main/WARN] [net.minecraftforge.registries.ForgeRegistry/REGISTRIES]: Registry minecraft:item: Object did not get ID it asked for. Name: croptopia:taco Expected: 8142 Got: 10677
[02Jul2025 22:39:51.458] [main/WARN] [net.minecraftforge.registries.ForgeRegistry/REGISTRIES]: Registry minecraft:item: Object did not get ID it asked for. Name: croptopia:sushi Expected: 8143 Got: 10678
[02Jul2025 22:39:51.458] [main/WARN] [net.minecraftforge.registries.ForgeRegistry/REGISTRIES]: Registry minecraft:item: Object did not get ID it asked for. Name: croptopia:egg_roll Expected: 8144 Got: 10679
[02Jul2025 22:39:51.458] [main/WARN] [net.minecraftforge.registries.ForgeRegistry/REGISTRIES]: Registry minecraft:item: Object did not get ID it asked for. Name: croptopia:cashew_chicken Expected: 8145 Got: 10680
[02Jul2025 22:39:51.458] [main/WARN] [net.minecraftforge.registries.ForgeRegistry/REGISTRIES]: Registry minecraft:item: Object did not get ID it asked for. Name: croptopia:yam_jam Expected: 8146 Got: 10681
[02Jul2025 22:39:51.458] [main/WARN] [net.minecraftforge.registries.ForgeRegistry/REGISTRIES]: Registry minecraft:item: Object did not get ID it asked for. Name: croptopia:banana_cream_pie Expected: 8147 Got: 10682
[02Jul2025 22:39:51.458] [main/WARN] [net.minecraftforge.registries.ForgeRegistry/REGISTRIES]: Registry minecraft:item: Object did not get ID it asked for. Name: croptopia:candy_corn Expected: 8148 Got: 10683
[02Jul2025 22:39:51.458] [main/WARN] [net.minecraftforge.registries.ForgeRegistry/REGISTRIES]: Registry minecraft:item: Object did not get ID it asked for. Name: croptopia:rum_raisin_ice_cream Expected: 8149 Got: 10684
[02Jul2025 22:39:51.458] [main/WARN] [net.minecraftforge.registries.ForgeRegistry/REGISTRIES]: Registry minecraft:item: Object did not get ID it asked for. Name: croptopia:cheese_cake Expected: 8150 Got: 10685
[02Jul2025 22:39:51.458] [main/WARN] [net.minecraftforge.registries.ForgeRegistry/REGISTRIES]: Registry minecraft:item: Object did not get ID it asked for. Name: croptopia:brownies Expected: 8151 Got: 10686
[02Jul2025 22:39:51.458] [main/WARN] [net.minecraftforge.registries.ForgeRegistry/REGISTRIES]: Registry minecraft:item: Object did not get ID it asked for. Name: croptopia:snicker_doodle Expected: 8152 Got: 10687
[02Jul2025 22:39:51.458] [main/WARN] [net.minecraftforge.registries.ForgeRegistry/REGISTRIES]: Registry minecraft:item: Object did not get ID it asked for. Name: croptopia:banana_nut_bread Expected: 8153 Got: 10688
[02Jul2025 22:39:51.458] [main/WARN] [net.minecraftforge.registries.ForgeRegistry/REGISTRIES]: Registry minecraft:item: Object did not get ID it asked for. Name: croptopia:candied_nuts Expected: 8154 Got: 10689
[02Jul2025 22:39:51.459] [main/WARN] [net.minecraftforge.registries.ForgeRegistry/REGISTRIES]: Registry minecraft:item: Object did not get ID it asked for. Name: croptopia:almond_brittle Expected: 8155 Got: 10690
[02Jul2025 22:39:51.459] [main/WARN] [net.minecraftforge.registries.ForgeRegistry/REGISTRIES]: Registry minecraft:item: Object did not get ID it asked for. Name: croptopia:raisin_oatmeal_cookie Expected: 8156 Got: 10691
[02Jul2025 22:39:51.459] [main/WARN] [net.minecraftforge.registries.ForgeRegistry/REGISTRIES]: Registry minecraft:item: Object did not get ID it asked for. Name: croptopia:nutty_cookie Expected: 8157 Got: 10692
[02Jul2025 22:39:51.459] [main/WARN] [net.minecraftforge.registries.ForgeRegistry/REGISTRIES]: Registry minecraft:item: Object did not get ID it asked for. Name: croptopia:burrito Expected: 8158 Got: 10693
[02Jul2025 22:39:51.459] [main/WARN] [net.minecraftforge.registries.ForgeRegistry/REGISTRIES]: Registry minecraft:item: Object did not get ID it asked for. Name: croptopia:tostada Expected: 8159 Got: 10694
[02Jul2025 22:39:51.459] [main/WARN] [net.minecraftforge.registries.ForgeRegistry/REGISTRIES]: Registry minecraft:item: Object did not get ID it asked for. Name: croptopia:horchata Expected: 8160 Got: 10695
[02Jul2025 22:39:51.459] [main/WARN] [net.minecraftforge.registries.ForgeRegistry/REGISTRIES]: Registry minecraft:item: Object did not get ID it asked for. Name: croptopia:carnitas Expected: 8161 Got: 10696
[02Jul2025 22:39:51.459] [main/WARN] [net.minecraftforge.registries.ForgeRegistry/REGISTRIES]: Registry minecraft:item: Object did not get ID it asked for. Name: croptopia:fajitas Expected: 8162 Got: 10697
[02Jul2025 22:39:51.459] [main/WARN] [net.minecraftforge.registries.ForgeRegistry/REGISTRIES]: Registry minecraft:item: Object did not get ID it asked for. Name: croptopia:enchilada Expected: 8163 Got: 10698
[02Jul2025 22:39:51.459] [main/WARN] [net.minecraftforge.registries.ForgeRegistry/REGISTRIES]: Registry minecraft:item: Object did not get ID it asked for. Name: croptopia:churros Expected: 8164 Got: 10699
[02Jul2025 22:39:51.459] [main/WARN] [net.minecraftforge.registries.ForgeRegistry/REGISTRIES]: Registry minecraft:item: Object did not get ID it asked for. Name: croptopia:tamales Expected: 8165 Got: 10700
[02Jul2025 22:39:51.459] [main/WARN] [net.minecraftforge.registries.ForgeRegistry/REGISTRIES]: Registry minecraft:item: Object did not get ID it asked for. Name: croptopia:tres_leche_cake Expected: 8166 Got: 10701
[02Jul2025 22:39:51.460] [main/WARN] [net.minecraftforge.registries.ForgeRegistry/REGISTRIES]: Registry minecraft:item: Object did not get ID it asked for. Name: croptopia:stuffed_poblanos Expected: 8167 Got: 10702
[02Jul2025 22:39:51.460] [main/WARN] [net.minecraftforge.registries.ForgeRegistry/REGISTRIES]: Registry minecraft:item: Object did not get ID it asked for. Name: croptopia:chili_relleno Expected: 8168 Got: 10703
[02Jul2025 22:39:51.460] [main/WARN] [net.minecraftforge.registries.ForgeRegistry/REGISTRIES]: Registry minecraft:item: Object did not get ID it asked for. Name: croptopia:crema Expected: 8169 Got: 10704
[02Jul2025 22:39:51.460] [main/WARN] [net.minecraftforge.registries.ForgeRegistry/REGISTRIES]: Registry minecraft:item: Object did not get ID it asked for. Name: croptopia:refried_beans Expected: 8170 Got: 10705
[02Jul2025 22:39:51.460] [main/WARN] [net.minecraftforge.registries.ForgeRegistry/REGISTRIES]: Registry minecraft:item: Object did not get ID it asked for. Name: croptopia:chimichanga Expected: 8171 Got: 10706
[02Jul2025 22:39:51.460] [main/WARN] [net.minecraftforge.registries.ForgeRegistry/REGISTRIES]: Registry minecraft:item: Object did not get ID it asked for. Name: croptopia:quesadilla Expected: 8172 Got: 10707
[02Jul2025 22:39:51.460] [main/WARN] [net.minecraftforge.registries.ForgeRegistry/REGISTRIES]: Registry minecraft:item: Object did not get ID it asked for. Name: croptopia:corn_husk Expected: 8173 Got: 10708
[02Jul2025 22:39:51.460] [main/WARN] [net.minecraftforge.registries.ForgeRegistry/REGISTRIES]: Registry minecraft:item: Object did not get ID it asked for. Name: croptopia:whipping_cream Expected: 8174 Got: 10709
[02Jul2025 22:39:51.460] [main/WARN] [net.minecraftforge.registries.ForgeRegistry/REGISTRIES]: Registry minecraft:item: Object did not get ID it asked for. Name: croptopia:shepherds_pie Expected: 8175 Got: 10710
[02Jul2025 22:39:51.460] [main/WARN] [net.minecraftforge.registries.ForgeRegistry/REGISTRIES]: Registry minecraft:item: Object did not get ID it asked for. Name: croptopia:beef_wellington Expected: 8176 Got: 10711
[02Jul2025 22:39:51.461] [main/WARN] [net.minecraftforge.registries.ForgeRegistry/REGISTRIES]: Registry minecraft:item: Object did not get ID it asked for. Name: croptopia:fish_and_chips Expected: 8177 Got: 10712
[02Jul2025 22:39:51.461] [main/WARN] [net.minecraftforge.registries.ForgeRegistry/REGISTRIES]: Registry minecraft:item: Object did not get ID it asked for. Name: croptopia:eton_mess Expected: 8178 Got: 10713
[02Jul2025 22:39:51.461] [main/WARN] [net.minecraftforge.registries.ForgeRegistry/REGISTRIES]: Registry minecraft:item: Object did not get ID it asked for. Name: croptopia:tea Expected: 8179 Got: 10714
[02Jul2025 22:39:51.461] [main/WARN] [net.minecraftforge.registries.ForgeRegistry/REGISTRIES]: Registry minecraft:item: Object did not get ID it asked for. Name: croptopia:cornish_pasty Expected: 8180 Got: 10715
[02Jul2025 22:39:51.461] [main/WARN] [net.minecraftforge.registries.ForgeRegistry/REGISTRIES]: Registry minecraft:item: Object did not get ID it asked for. Name: croptopia:scones Expected: 8181 Got: 10716
[02Jul2025 22:39:51.461] [main/WARN] [net.minecraftforge.registries.ForgeRegistry/REGISTRIES]: Registry minecraft:item: Object did not get ID it asked for. Name: croptopia:figgy_pudding Expected: 8182 Got: 10717
[02Jul2025 22:39:51.461] [main/WARN] [net.minecraftforge.registries.ForgeRegistry/REGISTRIES]: Registry minecraft:item: Object did not get ID it asked for. Name: croptopia:treacle_tart Expected: 8183 Got: 10718
[02Jul2025 22:39:51.461] [main/WARN] [net.minecraftforge.registries.ForgeRegistry/REGISTRIES]: Registry minecraft:item: Object did not get ID it asked for. Name: croptopia:sticky_toffee_pudding Expected: 8184 Got: 10719
[02Jul2025 22:39:51.461] [main/WARN] [net.minecraftforge.registries.ForgeRegistry/REGISTRIES]: Registry minecraft:item: Object did not get ID it asked for. Name: croptopia:trifle Expected: 8185 Got: 10720
[02Jul2025 22:39:51.461] [main/WARN] [net.minecraftforge.registries.ForgeRegistry/REGISTRIES]: Registry minecraft:item: Object did not get ID it asked for. Name: croptopia:water_bottle Expected: 8186 Got: 10721
[02Jul2025 22:39:51.461] [main/WARN] [net.minecraftforge.registries.ForgeRegistry/REGISTRIES]: Registry minecraft:item: Object did not get ID it asked for. Name: croptopia:milk_bottle Expected: 8187 Got: 10722
[02Jul2025 22:39:51.461] [main/WARN] [net.minecraftforge.registries.ForgeRegistry/REGISTRIES]: Registry minecraft:item: Object did not get ID it asked for. Name: croptopia:ajvar Expected: 8188 Got: 10723
[02Jul2025 22:39:51.462] [main/WARN] [net.minecraftforge.registries.ForgeRegistry/REGISTRIES]: Registry minecraft:item: Object did not get ID it asked for. Name: croptopia:ajvar_toast Expected: 8189 Got: 10724
[02Jul2025 22:39:51.462] [main/WARN] [net.minecraftforge.registries.ForgeRegistry/REGISTRIES]: Registry minecraft:item: Object did not get ID it asked for. Name: croptopia:avocado_toast Expected: 8190 Got: 10725
[02Jul2025 22:39:51.462] [main/WARN] [net.minecraftforge.registries.ForgeRegistry/REGISTRIES]: Registry minecraft:item: Object did not get ID it asked for. Name: croptopia:beef_stew Expected: 8191 Got: 10726
[02Jul2025 22:39:51.462] [main/WARN] [net.minecraftforge.registries.ForgeRegistry/REGISTRIES]: Registry minecraft:item: Object did not get ID it asked for. Name: croptopia:beef_stir_fry Expected: 8192 Got: 10727
[02Jul2025 22:39:51.462] [main/WARN] [net.minecraftforge.registries.ForgeRegistry/REGISTRIES]: Registry minecraft:item: Object did not get ID it asked for. Name: croptopia:buttered_green_beans Expected: 8193 Got: 10728
[02Jul2025 22:39:51.462] [main/WARN] [net.minecraftforge.registries.ForgeRegistry/REGISTRIES]: Registry minecraft:item: Object did not get ID it asked for. Name: croptopia:cheesy_asparagus Expected: 8194 Got: 10729
[02Jul2025 22:39:51.462] [main/WARN] [net.minecraftforge.registries.ForgeRegistry/REGISTRIES]: Registry minecraft:item: Object did not get ID it asked for. Name: croptopia:chocolate_ice_cream Expected: 8195 Got: 10730
[02Jul2025 22:39:51.462] [main/WARN] [net.minecraftforge.registries.ForgeRegistry/REGISTRIES]: Registry minecraft:item: Object did not get ID it asked for. Name: croptopia:eggplant_parmesan Expected: 8196 Got: 10731
[02Jul2025 22:39:51.462] [main/WARN] [net.minecraftforge.registries.ForgeRegistry/REGISTRIES]: Registry minecraft:item: Object did not get ID it asked for. Name: croptopia:fruit_cake Expected: 8197 Got: 10732
[02Jul2025 22:39:51.462] [main/WARN] [net.minecraftforge.registries.ForgeRegistry/REGISTRIES]: Registry minecraft:item: Object did not get ID it asked for. Name: croptopia:grilled_eggplant Expected: 8198 Got: 10733
[02Jul2025 22:39:51.462] [main/WARN] [net.minecraftforge.registries.ForgeRegistry/REGISTRIES]: Registry minecraft:item: Object did not get ID it asked for. Name: croptopia:kiwi_sorbet Expected: 8199 Got: 10734
[02Jul2025 22:39:51.463] [main/WARN] [net.minecraftforge.registries.ForgeRegistry/REGISTRIES]: Registry minecraft:item: Object did not get ID it asked for. Name: croptopia:lemon_coconut_bar Expected: 8200 Got: 10735
[02Jul2025 22:39:51.463] [main/WARN] [net.minecraftforge.registries.ForgeRegistry/REGISTRIES]: Registry minecraft:item: Object did not get ID it asked for. Name: croptopia:nether_wart_stew Expected: 8201 Got: 10736
[02Jul2025 22:39:51.463] [main/WARN] [net.minecraftforge.registries.ForgeRegistry/REGISTRIES]: Registry minecraft:item: Object did not get ID it asked for. Name: croptopia:peanut_butter Expected: 8202 Got: 10737
[02Jul2025 22:39:51.463] [main/WARN] [net.minecraftforge.registries.ForgeRegistry/REGISTRIES]: Registry minecraft:item: Object did not get ID it asked for. Name: croptopia:peanut_butter_with_celery Expected: 8203 Got: 10738
[02Jul2025 22:39:51.463] [main/WARN] [net.minecraftforge.registries.ForgeRegistry/REGISTRIES]: Registry minecraft:item: Object did not get ID it asked for. Name: croptopia:potato_soup Expected: 8204 Got: 10739
[02Jul2025 22:39:51.463] [main/WARN] [net.minecraftforge.registries.ForgeRegistry/REGISTRIES]: Registry minecraft:item: Object did not get ID it asked for. Name: croptopia:ratatouille Expected: 8205 Got: 10740
[02Jul2025 22:39:51.463] [main/WARN] [net.minecraftforge.registries.ForgeRegistry/REGISTRIES]: Registry minecraft:item: Object did not get ID it asked for. Name: croptopia:bacon Expected: 8206 Got: 10741
[02Jul2025 22:39:51.463] [main/WARN] [net.minecraftforge.registries.ForgeRegistry/REGISTRIES]: Registry minecraft:item: Object did not get ID it asked for. Name: croptopia:rhubarb_crisp Expected: 8207 Got: 10742
[02Jul2025 22:39:51.463] [main/WARN] [net.minecraftforge.registries.ForgeRegistry/REGISTRIES]: Registry minecraft:item: Object did not get ID it asked for. Name: croptopia:roasted_asparagus Expected: 8208 Got: 10743
[02Jul2025 22:39:51.463] [main/WARN] [net.minecraftforge.registries.ForgeRegistry/REGISTRIES]: Registry minecraft:item: Object did not get ID it asked for. Name: croptopia:roasted_radishes Expected: 8209 Got: 10744
[02Jul2025 22:39:51.463] [main/WARN] [net.minecraftforge.registries.ForgeRegistry/REGISTRIES]: Registry minecraft:item: Object did not get ID it asked for. Name: croptopia:roasted_squash Expected: 8210 Got: 10745
[02Jul2025 22:39:51.464] [main/WARN] [net.minecraftforge.registries.ForgeRegistry/REGISTRIES]: Registry minecraft:item: Object did not get ID it asked for. Name: croptopia:roasted_turnips Expected: 8211 Got: 10746
[02Jul2025 22:39:51.464] [main/WARN] [net.minecraftforge.registries.ForgeRegistry/REGISTRIES]: Registry minecraft:item: Object did not get ID it asked for. Name: croptopia:steamed_broccoli Expected: 8212 Got: 10747
[02Jul2025 22:39:51.464] [main/WARN] [net.minecraftforge.registries.ForgeRegistry/REGISTRIES]: Registry minecraft:item: Object did not get ID it asked for. Name: croptopia:steamed_green_beans Expected: 8213 Got: 10748
[02Jul2025 22:39:51.464] [main/WARN] [net.minecraftforge.registries.ForgeRegistry/REGISTRIES]: Registry minecraft:item: Object did not get ID it asked for. Name: croptopia:stir_fry Expected: 8214 Got: 10749
[02Jul2025 22:39:51.464] [main/WARN] [net.minecraftforge.registries.ForgeRegistry/REGISTRIES]: Registry minecraft:item: Object did not get ID it asked for. Name: croptopia:stuffed_artichoke Expected: 8215 Got: 10750
[02Jul2025 22:39:51.464] [main/WARN] [net.minecraftforge.registries.ForgeRegistry/REGISTRIES]: Registry minecraft:item: Object did not get ID it asked for. Name: croptopia:toast_sandwich Expected: 8216 Got: 10751
[02Jul2025 22:39:51.464] [main/WARN] [net.minecraftforge.registries.ForgeRegistry/REGISTRIES]: Registry minecraft:item: Object did not get ID it asked for. Name: croptopia:roasted_pumpkin_seeds Expected: 8217 Got: 10752
[02Jul2025 22:39:51.464] [main/WARN] [net.minecraftforge.registries.ForgeRegistry/REGISTRIES]: Registry minecraft:item: Object did not get ID it asked for. Name: croptopia:roasted_sunflower_seeds Expected: 8218 Got: 10753
[02Jul2025 22:39:51.464] [main/WARN] [net.minecraftforge.registries.ForgeRegistry/REGISTRIES]: Registry minecraft:item: Object did not get ID it asked for. Name: croptopia:pumpkin_bars Expected: 8219 Got: 10754
[02Jul2025 22:39:51.464] [main/WARN] [net.minecraftforge.registries.ForgeRegistry/REGISTRIES]: Registry minecraft:item: Object did not get ID it asked for. Name: croptopia:corn_bread Expected: 8220 Got: 10755
[02Jul2025 22:39:51.464] [main/WARN] [net.minecraftforge.registries.ForgeRegistry/REGISTRIES]: Registry minecraft:item: Object did not get ID it asked for. Name: croptopia:pumpkin_soup Expected: 8221 Got: 10756
[02Jul2025 22:39:51.464] [main/WARN] [net.minecraftforge.registries.ForgeRegistry/REGISTRIES]: Registry minecraft:item: Object did not get ID it asked for. Name: croptopia:meringue Expected: 8222 Got: 10757
[02Jul2025 22:39:51.465] [main/WARN] [net.minecraftforge.registries.ForgeRegistry/REGISTRIES]: Registry minecraft:item: Object did not get ID it asked for. Name: croptopia:cabbage_roll Expected: 8223 Got: 10758
[02Jul2025 22:39:51.465] [main/WARN] [net.minecraftforge.registries.ForgeRegistry/REGISTRIES]: Registry minecraft:item: Object did not get ID it asked for. Name: croptopia:borscht Expected: 8224 Got: 10759
[02Jul2025 22:39:51.465] [main/WARN] [net.minecraftforge.registries.ForgeRegistry/REGISTRIES]: Registry minecraft:item: Object did not get ID it asked for. Name: croptopia:goulash Expected: 8225 Got: 10760
[02Jul2025 22:39:51.465] [main/WARN] [net.minecraftforge.registries.ForgeRegistry/REGISTRIES]: Registry minecraft:item: Object did not get ID it asked for. Name: croptopia:beetroot_salad Expected: 8226 Got: 10761
[02Jul2025 22:39:51.465] [main/WARN] [net.minecraftforge.registries.ForgeRegistry/REGISTRIES]: Registry minecraft:item: Object did not get ID it asked for. Name: croptopia:candied_kumquats Expected: 8227 Got: 10762
[02Jul2025 22:39:51.465] [main/WARN] [net.minecraftforge.registries.ForgeRegistry/REGISTRIES]: Registry minecraft:item: Object did not get ID it asked for. Name: croptopia:steamed_crab Expected: 8228 Got: 10763
[02Jul2025 22:39:51.465] [main/WARN] [net.minecraftforge.registries.ForgeRegistry/REGISTRIES]: Registry minecraft:item: Object did not get ID it asked for. Name: croptopia:sea_lettuce Expected: 8229 Got: 10764
[02Jul2025 22:39:51.465] [main/WARN] [net.minecraftforge.registries.ForgeRegistry/REGISTRIES]: Registry minecraft:item: Object did not get ID it asked for. Name: croptopia:deep_fried_shrimp Expected: 8230 Got: 10765
[02Jul2025 22:39:51.465] [main/WARN] [net.minecraftforge.registries.ForgeRegistry/REGISTRIES]: Registry minecraft:item: Object did not get ID it asked for. Name: croptopia:tuna_roll Expected: 8231 Got: 10766
[02Jul2025 22:39:51.466] [main/WARN] [net.minecraftforge.registries.ForgeRegistry/REGISTRIES]: Registry minecraft:item: Object did not get ID it asked for. Name: croptopia:fried_calamari Expected: 8232 Got: 10767
[02Jul2025 22:39:51.466] [main/WARN] [net.minecraftforge.registries.ForgeRegistry/REGISTRIES]: Registry minecraft:item: Object did not get ID it asked for. Name: croptopia:crab_legs Expected: 8233 Got: 10768
[02Jul2025 22:39:51.466] [main/WARN] [net.minecraftforge.registries.ForgeRegistry/REGISTRIES]: Registry minecraft:item: Object did not get ID it asked for. Name: croptopia:steamed_clams Expected: 8234 Got: 10769
[02Jul2025 22:39:51.466] [main/WARN] [net.minecraftforge.registries.ForgeRegistry/REGISTRIES]: Registry minecraft:item: Object did not get ID it asked for. Name: croptopia:grilled_oysters Expected: 8235 Got: 10770
[02Jul2025 22:39:51.466] [main/WARN] [net.minecraftforge.registries.ForgeRegistry/REGISTRIES]: Registry minecraft:item: Object did not get ID it asked for. Name: croptopia:anchovy_pizza Expected: 8236 Got: 10771
[02Jul2025 22:39:51.466] [main/WARN] [net.minecraftforge.registries.ForgeRegistry/REGISTRIES]: Registry minecraft:item: Object did not get ID it asked for. Name: croptopia:mashed_potatoes Expected: 8237 Got: 10772
[02Jul2025 22:39:51.466] [main/WARN] [net.minecraftforge.registries.ForgeRegistry/REGISTRIES]: Registry minecraft:item: Object did not get ID it asked for. Name: croptopia:baked_crepes Expected: 8238 Got: 10773
[02Jul2025 22:39:51.466] [main/WARN] [net.minecraftforge.registries.ForgeRegistry/REGISTRIES]: Registry minecraft:item: Object did not get ID it asked for. Name: croptopia:cinnamon_roll Expected: 8239 Got: 10774
[02Jul2025 22:39:51.466] [main/WARN] [net.minecraftforge.registries.ForgeRegistry/REGISTRIES]: Registry minecraft:item: Object did not get ID it asked for. Name: croptopia:croque_madame Expected: 8240 Got: 10775
[02Jul2025 22:39:51.466] [main/WARN] [net.minecraftforge.registries.ForgeRegistry/REGISTRIES]: Registry minecraft:item: Object did not get ID it asked for. Name: croptopia:croque_monsieur Expected: 8241 Got: 10776
[02Jul2025 22:39:51.466] [main/WARN] [net.minecraftforge.registries.ForgeRegistry/REGISTRIES]: Registry minecraft:item: Object did not get ID it asked for. Name: croptopia:dauphine_potatoes Expected: 8242 Got: 10777
[02Jul2025 22:39:51.466] [main/WARN] [net.minecraftforge.registries.ForgeRegistry/REGISTRIES]: Registry minecraft:item: Object did not get ID it asked for. Name: croptopia:fried_frog_legs Expected: 8243 Got: 10778
[02Jul2025 22:39:51.466] [main/WARN] [net.minecraftforge.registries.ForgeRegistry/REGISTRIES]: Registry minecraft:item: Object did not get ID it asked for. Name: croptopia:frog_legs Expected: 8244 Got: 10779
[02Jul2025 22:39:51.467] [main/WARN] [net.minecraftforge.registries.ForgeRegistry/REGISTRIES]: Registry minecraft:item: Object did not get ID it asked for. Name: croptopia:ground_pork Expected: 8245 Got: 10780
[02Jul2025 22:39:51.467] [main/WARN] [net.minecraftforge.registries.ForgeRegistry/REGISTRIES]: Registry minecraft:item: Object did not get ID it asked for. Name: croptopia:hashed_brown Expected: 8246 Got: 10781
[02Jul2025 22:39:51.467] [main/WARN] [net.minecraftforge.registries.ForgeRegistry/REGISTRIES]: Registry minecraft:item: Object did not get ID it asked for. Name: croptopia:macaron Expected: 8247 Got: 10782
[02Jul2025 22:39:51.467] [main/WARN] [net.minecraftforge.registries.ForgeRegistry/REGISTRIES]: Registry minecraft:item: Object did not get ID it asked for. Name: croptopia:quiche Expected: 8248 Got: 10783
[02Jul2025 22:39:51.467] [main/WARN] [net.minecraftforge.registries.ForgeRegistry/REGISTRIES]: Registry minecraft:item: Object did not get ID it asked for. Name: croptopia:sausage Expected: 8249 Got: 10784
[02Jul2025 22:39:51.467] [main/WARN] [net.minecraftforge.registries.ForgeRegistry/REGISTRIES]: Registry minecraft:item: Object did not get ID it asked for. Name: croptopia:sunny_side_eggs Expected: 8250 Got: 10785
[02Jul2025 22:39:51.467] [main/WARN] [net.minecraftforge.registries.ForgeRegistry/REGISTRIES]: Registry minecraft:item: Object did not get ID it asked for. Name: croptopia:sweet_crepes Expected: 8251 Got: 10786
[02Jul2025 22:39:51.467] [main/WARN] [net.minecraftforge.registries.ForgeRegistry/REGISTRIES]: Registry minecraft:item: Object did not get ID it asked for. Name: croptopia:the_big_breakfast Expected: 8252 Got: 10787
[02Jul2025 22:39:51.467] [main/WARN] [net.minecraftforge.registries.ForgeRegistry/REGISTRIES]: Registry minecraft:item: Object did not get ID it asked for. Name: croptopia:salt_ore Expected: 8253 Got: 10788
[02Jul2025 22:40:01.652] [main/WARN] [net.minecraft.server.packs.VanillaPackResourcesBuilder/]: Assets URL 'union:/workspaces/Financial/servidor_minecraft/libraries/net/minecraft/server/1.20.1-20230612.114412/server-1.20.1-20230612.114412-srg.jar%23323!/assets/.mcassetsroot' uses unexpected schema
[02Jul2025 22:40:01.653] [main/WARN] [net.minecraft.server.packs.VanillaPackResourcesBuilder/]: Assets URL 'union:/workspaces/Financial/servidor_minecraft/libraries/net/minecraft/server/1.20.1-20230612.114412/server-1.20.1-20230612.114412-srg.jar%23323!/data/.mcassetsroot' uses unexpected schema
[02Jul2025 22:40:01.983] [main/INFO] [com.simibubi.create.Create/]: Created 649 recipes which will be injected into the game
[02Jul2025 22:40:02.015] [main/INFO] [com.simibubi.create.Create/]: Created 30 tags which will be injected into the game
[02Jul2025 22:40:02.236] [main/INFO] [Moonlight/]: Generated runtime resources for 1 packs in a total of: 58 ms
[02Jul2025 22:40:05.061] [main/INFO] [AE2:C/]: Scanning class appeng.server.testplots.TestPlots for plots
[02Jul2025 22:40:05.064] [main/INFO] [AE2:C/]: Scanning class appeng.server.testplots.AutoCraftingTestPlots for plots
[02Jul2025 22:40:05.065] [main/INFO] [AE2:C/]: Scanning class appeng.server.testplots.InscriberTestPlots for plots
[02Jul2025 22:40:05.075] [main/INFO] [AE2:C/]: Scanning class appeng.server.testplots.P2PTestPlots for plots
[02Jul2025 22:40:05.076] [main/INFO] [AE2:C/]: Scanning class appeng.server.testplots.ItemP2PTestPlots for plots
[02Jul2025 22:40:05.076] [main/INFO] [AE2:C/]: Scanning class appeng.server.testplots.MemoryCardTestPlots for plots
[02Jul2025 22:40:05.076] [main/INFO] [AE2:C/]: Scanning class appeng.server.testplots.PatternProviderLockModePlots for plots
[02Jul2025 22:40:05.077] [main/INFO] [AE2:C/]: Scanning class appeng.server.testplots.PatternProviderPlots for plots
[02Jul2025 22:40:05.077] [main/INFO] [AE2:C/]: Scanning class appeng.server.testplots.SpatialTestPlots for plots
[02Jul2025 22:40:05.077] [main/INFO] [AE2:C/]: Scanning class appeng.server.testplots.QnbTestPlots for plots
[02Jul2025 22:40:05.078] [main/INFO] [AE2:C/]: Scanning class appeng.server.testplots.GuidebookPlot for plots
[02Jul2025 22:40:05.078] [main/INFO] [AE2:C/]: Scanning class appeng.server.testplots.SubnetPlots for plots
[02Jul2025 22:40:05.078] [main/INFO] [AE2:C/]: Scanning class appeng.server.testplots.ChannelTests for plots
[02Jul2025 22:40:05.078] [main/INFO] [AE2:C/]: Scanning class appeng.server.testplots.AnnihilationPlaneTests for plots
[02Jul2025 22:40:05.181] [main/INFO] [com.github.alexthe666.alexsmobs.AlexsMobs/]: Adding datapack listener capsid_recipes
[02Jul2025 22:40:05.523] [Worker-Main-5/ERROR] [net.minecraft.tags.TagLoader/]: Couldn't read tag list ati_structures:tavern from ati_structures:tags/worldgen/biome/tavern.json in data pack ATi Structures V1.4.0 (1.20+).jar
java.lang.NullPointerException: Cannot invoke "com.google.gson.JsonElement.getAsJsonPrimitive()" because "input" is null
	at com.mojang.serialization.JsonOps.convertTo(JsonOps.java:50) ~[datafixerupper-6.0.8.jar%2377!/:?]
	at com.mojang.serialization.JsonOps.convertTo(JsonOps.java:24) ~[datafixerupper-6.0.8.jar%2377!/:?]
	at com.supermartijn642.core.codec.CodecHelper$1.decode(CodecHelper.java:35) ~[supermartijn642corelib-1.1.18-forge-mc1.20.1.jar%23296!/:?]
	at com.mojang.serialization.codecs.EitherCodec.decode(EitherCodec.java:24) ~[datafixerupper-6.0.8.jar%2377!/:?]
	at com.mojang.serialization.Decoder$2.decode(Decoder.java:63) ~[datafixerupper-6.0.8.jar%2377!/:?]
	at com.mojang.serialization.Codec$2.decode(Codec.java:71) ~[datafixerupper-6.0.8.jar%2377!/:?]
	at com.mojang.serialization.codecs.ListCodec.lambda$decode$2(ListCodec.java:46) ~[datafixerupper-6.0.8.jar%2377!/:?]
	at com.mojang.serialization.JsonOps.lambda$getList$21(JsonOps.java:292) ~[datafixerupper-6.0.8.jar%2377!/:?]
	at com.mojang.serialization.codecs.ListCodec.lambda$decode$4(ListCodec.java:45) ~[datafixerupper-6.0.8.jar%2377!/:?]
	at com.mojang.serialization.DataResult.lambda$flatMap$11(DataResult.java:139) ~[datafixerupper-6.0.8.jar%2377!/:?]
	at com.mojang.datafixers.util.Either$Left.map(Either.java:38) ~[datafixerupper-6.0.8.jar%2377!/:?]
	at com.mojang.serialization.DataResult.flatMap(DataResult.java:137) ~[datafixerupper-6.0.8.jar%2377!/:?]
	at com.mojang.serialization.codecs.ListCodec.decode(ListCodec.java:39) ~[datafixerupper-6.0.8.jar%2377!/:?]
	at com.mojang.serialization.Decoder.parse(Decoder.java:18) ~[datafixerupper-6.0.8.jar%2377!/:?]
	at com.mojang.serialization.codecs.FieldDecoder.decode(FieldDecoder.java:29) ~[datafixerupper-6.0.8.jar%2377!/:?]
	at com.mojang.serialization.MapCodec$1.decode(MapCodec.java:34) ~[datafixerupper-6.0.8.jar%2377!/:?]
	at com.mojang.serialization.codecs.RecordCodecBuilder$Instance$5.decode(RecordCodecBuilder.java:323) ~[datafixerupper-6.0.8.jar%2377!/:?]
	at com.mojang.serialization.codecs.RecordCodecBuilder$2.decode(RecordCodecBuilder.java:107) ~[datafixerupper-6.0.8.jar%2377!/:?]
	at com.mojang.serialization.MapDecoder.lambda$compressedDecode$1(MapDecoder.java:52) ~[datafixerupper-6.0.8.jar%2377!/:?]
	at com.mojang.serialization.DataResult.lambda$flatMap$11(DataResult.java:139) ~[datafixerupper-6.0.8.jar%2377!/:?]
	at com.mojang.datafixers.util.Either$Left.map(Either.java:38) ~[datafixerupper-6.0.8.jar%2377!/:?]
	at com.mojang.serialization.DataResult.flatMap(DataResult.java:137) ~[datafixerupper-6.0.8.jar%2377!/:?]
	at com.mojang.serialization.MapDecoder.compressedDecode(MapDecoder.java:52) ~[datafixerupper-6.0.8.jar%2377!/:?]
	at com.mojang.serialization.MapCodec$MapCodecCodec.decode(MapCodec.java:91) ~[datafixerupper-6.0.8.jar%2377!/:?]
	at com.mojang.serialization.Decoder.decode(Decoder.java:22) ~[datafixerupper-6.0.8.jar%2377!/:?]
	at com.mojang.serialization.Decoder.parse(Decoder.java:26) ~[datafixerupper-6.0.8.jar%2377!/:?]
	at net.minecraft.tags.TagLoader.m_144495_(TagLoader.java:53) ~[server-1.20.1-20230612.114412-srg.jar%23323!/:?]
	at net.minecraft.tags.TagLoader.m_203900_(TagLoader.java:114) ~[server-1.20.1-20230612.114412-srg.jar%23323!/:?]
	at net.minecraft.tags.TagManager.m_203920_(TagManager.java:55) ~[server-1.20.1-20230612.114412-srg.jar%23323!/:?]
	at java.util.concurrent.CompletableFuture$AsyncSupply.run(CompletableFuture.java:1768) ~[?:?]
	at java.util.concurrent.CompletableFuture$AsyncSupply.exec(CompletableFuture.java:1760) ~[?:?]
	at java.util.concurrent.ForkJoinTask.doExec(ForkJoinTask.java:373) ~[?:?]
	at java.util.concurrent.ForkJoinPool$WorkQueue.topLevelExec(ForkJoinPool.java:1182) ~[?:?]
	at java.util.concurrent.ForkJoinPool.scan(ForkJoinPool.java:1655) ~[?:?]
	at java.util.concurrent.ForkJoinPool.runWorker(ForkJoinPool.java:1622) ~[?:?]
	at java.util.concurrent.ForkJoinWorkerThread.run(ForkJoinWorkerThread.java:165) ~[?:?]
[02Jul2025 22:40:06.146] [Worker-Main-3/ERROR] [net.minecraft.tags.TagLoader/]: Couldn't load tag apocalypsenow:armor/cloth as it is missing following references: apocalypsenow:nurse_helmet (from apocalypsenow-3.0.5-forge-1.20.1.jar)
[02Jul2025 22:40:07.768] [Worker-Main-5/ERROR] [net.minecraftforge.common.ForgeHooks/]: Couldn't parse element loot_tables:ati_structures:chests/archer_chest
com.google.gson.JsonSyntaxException: Unknown type 'minecraft:set_components'
	at net.minecraft.world.level.storage.loot.GsonAdapterFactory$JsonAdapter.deserialize(GsonAdapterFactory.java:99) ~[server-1.20.1-20230612.114412-srg.jar%23323!/:?]
	at com.google.gson.internal.bind.TreeTypeAdapter.read(TreeTypeAdapter.java:76) ~[gson-2.10.jar%2372!/:?]
	at com.google.gson.internal.bind.TypeAdapterRuntimeTypeWrapper.read(TypeAdapterRuntimeTypeWrapper.java:40) ~[gson-2.10.jar%2372!/:?]
	at com.google.gson.internal.bind.ArrayTypeAdapter.read(ArrayTypeAdapter.java:72) ~[gson-2.10.jar%2372!/:?]
	at com.google.gson.Gson.fromJson(Gson.java:1214) ~[gson-2.10.jar%2372!/:?]
	at com.google.gson.Gson.fromJson(Gson.java:1319) ~[gson-2.10.jar%2372!/:?]
	at com.google.gson.Gson.fromJson(Gson.java:1290) ~[gson-2.10.jar%2372!/:?]
	at com.google.gson.internal.bind.TreeTypeAdapter$GsonContextImpl.deserialize(TreeTypeAdapter.java:179) ~[gson-2.10.jar%2372!/:?]
	at net.minecraft.util.GsonHelper.m_13808_(GsonHelper.java:463) ~[server-1.20.1-20230612.114412-srg.jar%23323!/:?]
	at net.minecraft.util.GsonHelper.m_13845_(GsonHelper.java:481) ~[server-1.20.1-20230612.114412-srg.jar%23323!/:?]
	at net.minecraft.world.level.storage.loot.entries.LootPoolSingletonContainer$Serializer.m_5921_(LootPoolSingletonContainer.java:149) ~[server-1.20.1-20230612.114412-srg.jar%23323!/:?]
	at net.minecraft.world.level.storage.loot.entries.LootPoolSingletonContainer$Serializer.m_5921_(LootPoolSingletonContainer.java:129) ~[server-1.20.1-20230612.114412-srg.jar%23323!/:?]
	at net.minecraft.world.level.storage.loot.entries.LootPoolEntryContainer$Serializer.m_7561_(LootPoolEntryContainer.java:86) ~[server-1.20.1-20230612.114412-srg.jar%23323!/:?]
	at net.minecraft.world.level.storage.loot.entries.LootPoolEntryContainer$Serializer.m_7561_(LootPoolEntryContainer.java:74) ~[server-1.20.1-20230612.114412-srg.jar%23323!/:?]
	at net.minecraft.world.level.storage.loot.GsonAdapterFactory$JsonAdapter.deserialize(GsonAdapterFactory.java:102) ~[server-1.20.1-20230612.114412-srg.jar%23323!/:?]
	at com.google.gson.internal.bind.TreeTypeAdapter.read(TreeTypeAdapter.java:76) ~[gson-2.10.jar%2372!/:?]
	at com.google.gson.internal.bind.TypeAdapterRuntimeTypeWrapper.read(TypeAdapterRuntimeTypeWrapper.java:40) ~[gson-2.10.jar%2372!/:?]
	at com.google.gson.internal.bind.ArrayTypeAdapter.read(ArrayTypeAdapter.java:72) ~[gson-2.10.jar%2372!/:?]
	at com.google.gson.Gson.fromJson(Gson.java:1214) ~[gson-2.10.jar%2372!/:?]
	at com.google.gson.Gson.fromJson(Gson.java:1319) ~[gson-2.10.jar%2372!/:?]
	at com.google.gson.Gson.fromJson(Gson.java:1290) ~[gson-2.10.jar%2372!/:?]
	at com.google.gson.internal.bind.TreeTypeAdapter$GsonContextImpl.deserialize(TreeTypeAdapter.java:179) ~[gson-2.10.jar%2372!/:?]
	at net.minecraft.util.GsonHelper.m_13808_(GsonHelper.java:463) ~[server-1.20.1-20230612.114412-srg.jar%23323!/:?]
	at net.minecraft.util.GsonHelper.m_13836_(GsonHelper.java:471) ~[server-1.20.1-20230612.114412-srg.jar%23323!/:?]
	at net.minecraft.world.level.storage.loot.LootPool$Serializer.deserialize(LootPool.java:192) ~[server-1.20.1-20230612.114412-srg.jar%23323!/:?]
	at net.minecraft.world.level.storage.loot.LootPool$Serializer.deserialize(LootPool.java:189) ~[server-1.20.1-20230612.114412-srg.jar%23323!/:?]
	at com.google.gson.internal.bind.TreeTypeAdapter.read(TreeTypeAdapter.java:76) ~[gson-2.10.jar%2372!/:?]
	at com.google.gson.internal.bind.TypeAdapterRuntimeTypeWrapper.read(TypeAdapterRuntimeTypeWrapper.java:40) ~[gson-2.10.jar%2372!/:?]
	at com.google.gson.internal.bind.ArrayTypeAdapter.read(ArrayTypeAdapter.java:72) ~[gson-2.10.jar%2372!/:?]
	at com.google.gson.Gson.fromJson(Gson.java:1214) ~[gson-2.10.jar%2372!/:?]
	at com.google.gson.Gson.fromJson(Gson.java:1319) ~[gson-2.10.jar%2372!/:?]
	at com.google.gson.Gson.fromJson(Gson.java:1290) ~[gson-2.10.jar%2372!/:?]
	at com.google.gson.internal.bind.TreeTypeAdapter$GsonContextImpl.deserialize(TreeTypeAdapter.java:179) ~[gson-2.10.jar%2372!/:?]
	at net.minecraft.util.GsonHelper.m_13808_(GsonHelper.java:463) ~[server-1.20.1-20230612.114412-srg.jar%23323!/:?]
	at net.minecraft.util.GsonHelper.m_13845_(GsonHelper.java:481) ~[server-1.20.1-20230612.114412-srg.jar%23323!/:?]
	at net.minecraft.world.level.storage.loot.LootTable$Serializer.deserialize(LootTable.java:294) ~[server-1.20.1-20230612.114412-srg.jar%23323!/:?]
	at net.minecraft.world.level.storage.loot.LootTable$Serializer.deserialize(LootTable.java:291) ~[server-1.20.1-20230612.114412-srg.jar%23323!/:?]
	at com.google.gson.internal.bind.TreeTypeAdapter.read(TreeTypeAdapter.java:76) ~[gson-2.10.jar%2372!/:?]
	at com.google.gson.Gson.fromJson(Gson.java:1214) ~[gson-2.10.jar%2372!/:?]
	at com.google.gson.Gson.fromJson(Gson.java:1319) ~[gson-2.10.jar%2372!/:?]
	at com.google.gson.Gson.fromJson(Gson.java:1261) ~[gson-2.10.jar%2372!/:?]
	at net.minecraftforge.common.ForgeHooks.loadLootTable(ForgeHooks.java:871) ~[forge-1.20.1-47.3.7-universal.jar%23328!/:?]
	at net.minecraftforge.common.ForgeHooks.lambda$getLootTableDeserializer$3(ForgeHooks.java:848) ~[forge-1.20.1-47.3.7-universal.jar%23328!/:?]
	at net.minecraft.world.level.storage.loot.LootDataType.deserialize(LootDataType.java:45) ~[server-1.20.1-20230612.114412-srg.jar%23323!/:?]
	at net.minecraft.world.level.storage.loot.LootDataManager.lambda$scheduleElementParse$4(LootDataManager.java:56) ~[server-1.20.1-20230612.114412-srg.jar%23323!/:?]
	at java.util.HashMap.forEach(HashMap.java:1421) ~[?:?]
	at net.minecraft.world.level.storage.loot.LootDataManager.m_278660_(LootDataManager.java:55) ~[server-1.20.1-20230612.114412-srg.jar%23323!/:?]
	at java.util.concurrent.CompletableFuture$AsyncRun.run(CompletableFuture.java:1804) ~[?:?]
	at java.util.concurrent.CompletableFuture$AsyncRun.exec(CompletableFuture.java:1796) ~[?:?]
	at java.util.concurrent.ForkJoinTask.doExec(ForkJoinTask.java:373) ~[?:?]
	at java.util.concurrent.ForkJoinPool$WorkQueue.topLevelExec(ForkJoinPool.java:1182) ~[?:?]
	at java.util.concurrent.ForkJoinPool.scan(ForkJoinPool.java:1655) ~[?:?]
	at java.util.concurrent.ForkJoinPool.runWorker(ForkJoinPool.java:1622) ~[?:?]
	at java.util.concurrent.ForkJoinWorkerThread.run(ForkJoinWorkerThread.java:165) ~[?:?]
[02Jul2025 22:40:08.013] [Worker-Main-5/ERROR] [net.minecraftforge.common.ForgeHooks/]: Couldn't parse element loot_tables:minecraft:chests/villagetaigahouse
com.google.gson.JsonSyntaxException: Expected name to be an item, was unknown string 'apocalypsenow:officer_chestplate'
	at net.minecraft.util.GsonHelper.m_13866_(GsonHelper.java:145) ~[server-1.20.1-20230612.114412-srg.jar%23323!/:?]
	at java.util.Optional.orElseThrow(Optional.java:403) ~[?:?]
	at net.minecraft.util.GsonHelper.m_13874_(GsonHelper.java:145) ~[server-1.20.1-20230612.114412-srg.jar%23323!/:?]
	at net.minecraft.util.GsonHelper.m_13909_(GsonHelper.java:153) ~[server-1.20.1-20230612.114412-srg.jar%23323!/:?]
	at net.minecraft.world.level.storage.loot.entries.LootItem$Serializer.m_7267_(LootItem.java:55) ~[server-1.20.1-20230612.114412-srg.jar%23323!/:?]
	at net.minecraft.world.level.storage.loot.entries.LootItem$Serializer.m_7267_(LootItem.java:40) ~[server-1.20.1-20230612.114412-srg.jar%23323!/:?]
	at net.minecraft.world.level.storage.loot.entries.LootPoolSingletonContainer$Serializer.m_5921_(LootPoolSingletonContainer.java:151) ~[server-1.20.1-20230612.114412-srg.jar%23323!/:?]
	at net.minecraft.world.level.storage.loot.entries.LootPoolSingletonContainer$Serializer.m_5921_(LootPoolSingletonContainer.java:129) ~[server-1.20.1-20230612.114412-srg.jar%23323!/:?]
	at net.minecraft.world.level.storage.loot.entries.LootPoolEntryContainer$Serializer.m_7561_(LootPoolEntryContainer.java:86) ~[server-1.20.1-20230612.114412-srg.jar%23323!/:?]
	at net.minecraft.world.level.storage.loot.entries.LootPoolEntryContainer$Serializer.m_7561_(LootPoolEntryContainer.java:74) ~[server-1.20.1-20230612.114412-srg.jar%23323!/:?]
	at net.minecraft.world.level.storage.loot.GsonAdapterFactory$JsonAdapter.deserialize(GsonAdapterFactory.java:102) ~[server-1.20.1-20230612.114412-srg.jar%23323!/:?]
	at com.google.gson.internal.bind.TreeTypeAdapter.read(TreeTypeAdapter.java:76) ~[gson-2.10.jar%2372!/:?]
	at com.google.gson.internal.bind.TypeAdapterRuntimeTypeWrapper.read(TypeAdapterRuntimeTypeWrapper.java:40) ~[gson-2.10.jar%2372!/:?]
	at com.google.gson.internal.bind.ArrayTypeAdapter.read(ArrayTypeAdapter.java:72) ~[gson-2.10.jar%2372!/:?]
	at com.google.gson.Gson.fromJson(Gson.java:1214) ~[gson-2.10.jar%2372!/:?]
	at com.google.gson.Gson.fromJson(Gson.java:1319) ~[gson-2.10.jar%2372!/:?]
	at com.google.gson.Gson.fromJson(Gson.java:1290) ~[gson-2.10.jar%2372!/:?]
	at com.google.gson.internal.bind.TreeTypeAdapter$GsonContextImpl.deserialize(TreeTypeAdapter.java:179) ~[gson-2.10.jar%2372!/:?]
	at net.minecraft.util.GsonHelper.m_13808_(GsonHelper.java:463) ~[server-1.20.1-20230612.114412-srg.jar%23323!/:?]
	at net.minecraft.util.GsonHelper.m_13836_(GsonHelper.java:471) ~[server-1.20.1-20230612.114412-srg.jar%23323!/:?]
	at net.minecraft.world.level.storage.loot.LootPool$Serializer.deserialize(LootPool.java:192) ~[server-1.20.1-20230612.114412-srg.jar%23323!/:?]
	at net.minecraft.world.level.storage.loot.LootPool$Serializer.deserialize(LootPool.java:189) ~[server-1.20.1-20230612.114412-srg.jar%23323!/:?]
	at com.google.gson.internal.bind.TreeTypeAdapter.read(TreeTypeAdapter.java:76) ~[gson-2.10.jar%2372!/:?]
	at com.google.gson.internal.bind.TypeAdapterRuntimeTypeWrapper.read(TypeAdapterRuntimeTypeWrapper.java:40) ~[gson-2.10.jar%2372!/:?]
	at com.google.gson.internal.bind.ArrayTypeAdapter.read(ArrayTypeAdapter.java:72) ~[gson-2.10.jar%2372!/:?]
	at com.google.gson.Gson.fromJson(Gson.java:1214) ~[gson-2.10.jar%2372!/:?]
	at com.google.gson.Gson.fromJson(Gson.java:1319) ~[gson-2.10.jar%2372!/:?]
	at com.google.gson.Gson.fromJson(Gson.java:1290) ~[gson-2.10.jar%2372!/:?]
	at com.google.gson.internal.bind.TreeTypeAdapter$GsonContextImpl.deserialize(TreeTypeAdapter.java:179) ~[gson-2.10.jar%2372!/:?]
	at net.minecraft.util.GsonHelper.m_13808_(GsonHelper.java:463) ~[server-1.20.1-20230612.114412-srg.jar%23323!/:?]
	at net.minecraft.util.GsonHelper.m_13845_(GsonHelper.java:481) ~[server-1.20.1-20230612.114412-srg.jar%23323!/:?]
	at net.minecraft.world.level.storage.loot.LootTable$Serializer.deserialize(LootTable.java:294) ~[server-1.20.1-20230612.114412-srg.jar%23323!/:?]
	at net.minecraft.world.level.storage.loot.LootTable$Serializer.deserialize(LootTable.java:291) ~[server-1.20.1-20230612.114412-srg.jar%23323!/:?]
	at com.google.gson.internal.bind.TreeTypeAdapter.read(TreeTypeAdapter.java:76) ~[gson-2.10.jar%2372!/:?]
	at com.google.gson.Gson.fromJson(Gson.java:1214) ~[gson-2.10.jar%2372!/:?]
	at com.google.gson.Gson.fromJson(Gson.java:1319) ~[gson-2.10.jar%2372!/:?]
	at com.google.gson.Gson.fromJson(Gson.java:1261) ~[gson-2.10.jar%2372!/:?]
	at net.minecraftforge.common.ForgeHooks.loadLootTable(ForgeHooks.java:871) ~[forge-1.20.1-47.3.7-universal.jar%23328!/:?]
	at net.minecraftforge.common.ForgeHooks.lambda$getLootTableDeserializer$3(ForgeHooks.java:848) ~[forge-1.20.1-47.3.7-universal.jar%23328!/:?]
	at net.minecraft.world.level.storage.loot.LootDataType.deserialize(LootDataType.java:45) ~[server-1.20.1-20230612.114412-srg.jar%23323!/:?]
	at net.minecraft.world.level.storage.loot.LootDataManager.lambda$scheduleElementParse$4(LootDataManager.java:56) ~[server-1.20.1-20230612.114412-srg.jar%23323!/:?]
	at java.util.HashMap.forEach(HashMap.java:1421) ~[?:?]
	at net.minecraft.world.level.storage.loot.LootDataManager.m_278660_(LootDataManager.java:55) ~[server-1.20.1-20230612.114412-srg.jar%23323!/:?]
	at java.util.concurrent.CompletableFuture$AsyncRun.run(CompletableFuture.java:1804) ~[?:?]
	at java.util.concurrent.CompletableFuture$AsyncRun.exec(CompletableFuture.java:1796) ~[?:?]
	at java.util.concurrent.ForkJoinTask.doExec(ForkJoinTask.java:373) ~[?:?]
	at java.util.concurrent.ForkJoinPool$WorkQueue.topLevelExec(ForkJoinPool.java:1182) ~[?:?]
	at java.util.concurrent.ForkJoinPool.scan(ForkJoinPool.java:1655) ~[?:?]
	at java.util.concurrent.ForkJoinPool.runWorker(ForkJoinPool.java:1622) ~[?:?]
	at java.util.concurrent.ForkJoinWorkerThread.run(ForkJoinWorkerThread.java:165) ~[?:?]
[02Jul2025 22:40:08.434] [main/INFO] [net.minecraft.world.item.crafting.RecipeManager/]: Skipping loading recipe vampirism:general/umbrella as it's serializer returned null
[02Jul2025 22:40:08.508] [main/ERROR] [net.minecraft.world.item.crafting.RecipeManager/]: Parsing error loading recipe apocalypsenow:firemodulemachete
com.google.gson.JsonSyntaxException: Invalid or unsupported recipe type 'minecraft:smithing'
	at net.minecraft.world.item.crafting.RecipeManager.m_220253_(RecipeManager.java:170) ~[server-1.20.1-20230612.114412-srg.jar%23323!/:?]
	at java.util.Optional.orElseThrow(Optional.java:403) ~[?:?]
	at net.minecraft.world.item.crafting.RecipeManager.fromJson(RecipeManager.java:169) ~[server-1.20.1-20230612.114412-srg.jar%23323!/:?]
	at net.minecraft.world.item.crafting.RecipeManager.m_5787_(RecipeManager.java:67) ~[server-1.20.1-20230612.114412-srg.jar%23323!/:?]
	at net.minecraft.world.item.crafting.RecipeManager.m_5787_(RecipeManager.java:34) ~[server-1.20.1-20230612.114412-srg.jar%23323!/:?]
	at net.minecraft.server.packs.resources.SimplePreparableReloadListener.m_10789_(SimplePreparableReloadListener.java:13) ~[server-1.20.1-20230612.114412-srg.jar%23323!/:?]
	at java.util.concurrent.CompletableFuture$UniAccept.tryFire(CompletableFuture.java:718) ~[?:?]
	at java.util.concurrent.CompletableFuture$Completion.run(CompletableFuture.java:482) ~[?:?]
	at net.minecraft.server.packs.resources.SimpleReloadInstance.m_143940_(SimpleReloadInstance.java:69) ~[server-1.20.1-20230612.114412-srg.jar%23323!/:?]
	at net.minecraft.Util.m_214652_(Util.java:783) ~[server-1.20.1-20230612.114412-srg.jar%23323!/:?]
	at net.minecraft.Util.m_214679_(Util.java:772) ~[server-1.20.1-20230612.114412-srg.jar%23323!/:?]
	at net.minecraft.server.Main.main(Main.java:166) ~[server-1.20.1-20230612.114412-srg.jar%23323!/:?]
	at jdk.internal.reflect.NativeMethodAccessorImpl.invoke0(Native Method) ~[?:?]
	at jdk.internal.reflect.NativeMethodAccessorImpl.invoke(NativeMethodAccessorImpl.java:77) ~[?:?]
	at jdk.internal.reflect.DelegatingMethodAccessorImpl.invoke(DelegatingMethodAccessorImpl.java:43) ~[?:?]
	at java.lang.reflect.Method.invoke(Method.java:569) ~[?:?]
	at net.minecraftforge.fml.loading.targets.CommonLaunchHandler.runTarget(CommonLaunchHandler.java:111) ~[fmlloader-1.20.1-47.3.7.jar%2369!/:?]
	at net.minecraftforge.fml.loading.targets.CommonLaunchHandler.serverService(CommonLaunchHandler.java:103) ~[fmlloader-1.20.1-47.3.7.jar%2369!/:?]
	at net.minecraftforge.fml.loading.targets.CommonServerLaunchHandler.lambda$makeService$0(CommonServerLaunchHandler.java:27) ~[fmlloader-1.20.1-47.3.7.jar%2369!/:?]
	at cpw.mods.modlauncher.LaunchServiceHandlerDecorator.launch(LaunchServiceHandlerDecorator.java:30) ~[modlauncher-10.0.9.jar%2355!/:?]
	at cpw.mods.modlauncher.LaunchServiceHandler.launch(LaunchServiceHandler.java:53) ~[modlauncher-10.0.9.jar%2355!/:?]
	at cpw.mods.modlauncher.LaunchServiceHandler.launch(LaunchServiceHandler.java:71) ~[modlauncher-10.0.9.jar%2355!/:?]
	at cpw.mods.modlauncher.Launcher.run(Launcher.java:108) ~[modlauncher-10.0.9.jar%2355!/:?]
	at cpw.mods.modlauncher.Launcher.main(Launcher.java:78) ~[modlauncher-10.0.9.jar%2355!/:?]
	at cpw.mods.modlauncher.BootstrapLaunchConsumer.accept(BootstrapLaunchConsumer.java:26) ~[modlauncher-10.0.9.jar%2355!/:?]
	at cpw.mods.modlauncher.BootstrapLaunchConsumer.accept(BootstrapLaunchConsumer.java:23) ~[modlauncher-10.0.9.jar%2355!/:?]
	at cpw.mods.bootstraplauncher.BootstrapLauncher.main(BootstrapLauncher.java:141) ~[bootstraplauncher-1.1.2.jar:?]
[02Jul2025 22:40:08.542] [main/ERROR] [net.minecraft.world.item.crafting.RecipeManager/]: Parsing error loading recipe apocalypsenow:firemoduleironbat
com.google.gson.JsonSyntaxException: Invalid or unsupported recipe type 'minecraft:smithing'
	at net.minecraft.world.item.crafting.RecipeManager.m_220253_(RecipeManager.java:170) ~[server-1.20.1-20230612.114412-srg.jar%23323!/:?]
	at java.util.Optional.orElseThrow(Optional.java:403) ~[?:?]
	at net.minecraft.world.item.crafting.RecipeManager.fromJson(RecipeManager.java:169) ~[server-1.20.1-20230612.114412-srg.jar%23323!/:?]
	at net.minecraft.world.item.crafting.RecipeManager.m_5787_(RecipeManager.java:67) ~[server-1.20.1-20230612.114412-srg.jar%23323!/:?]
	at net.minecraft.world.item.crafting.RecipeManager.m_5787_(RecipeManager.java:34) ~[server-1.20.1-20230612.114412-srg.jar%23323!/:?]
	at net.minecraft.server.packs.resources.SimplePreparableReloadListener.m_10789_(SimplePreparableReloadListener.java:13) ~[server-1.20.1-20230612.114412-srg.jar%23323!/:?]
	at java.util.concurrent.CompletableFuture$UniAccept.tryFire(CompletableFuture.java:718) ~[?:?]
	at java.util.concurrent.CompletableFuture$Completion.run(CompletableFuture.java:482) ~[?:?]
	at net.minecraft.server.packs.resources.SimpleReloadInstance.m_143940_(SimpleReloadInstance.java:69) ~[server-1.20.1-20230612.114412-srg.jar%23323!/:?]
	at net.minecraft.Util.m_214652_(Util.java:783) ~[server-1.20.1-20230612.114412-srg.jar%23323!/:?]
	at net.minecraft.Util.m_214679_(Util.java:772) ~[server-1.20.1-20230612.114412-srg.jar%23323!/:?]
	at net.minecraft.server.Main.main(Main.java:166) ~[server-1.20.1-20230612.114412-srg.jar%23323!/:?]
	at jdk.internal.reflect.NativeMethodAccessorImpl.invoke0(Native Method) ~[?:?]
	at jdk.internal.reflect.NativeMethodAccessorImpl.invoke(NativeMethodAccessorImpl.java:77) ~[?:?]
	at jdk.internal.reflect.DelegatingMethodAccessorImpl.invoke(DelegatingMethodAccessorImpl.java:43) ~[?:?]
	at java.lang.reflect.Method.invoke(Method.java:569) ~[?:?]
	at net.minecraftforge.fml.loading.targets.CommonLaunchHandler.runTarget(CommonLaunchHandler.java:111) ~[fmlloader-1.20.1-47.3.7.jar%2369!/:?]
	at net.minecraftforge.fml.loading.targets.CommonLaunchHandler.serverService(CommonLaunchHandler.java:103) ~[fmlloader-1.20.1-47.3.7.jar%2369!/:?]
	at net.minecraftforge.fml.loading.targets.CommonServerLaunchHandler.lambda$makeService$0(CommonServerLaunchHandler.java:27) ~[fmlloader-1.20.1-47.3.7.jar%2369!/:?]
	at cpw.mods.modlauncher.LaunchServiceHandlerDecorator.launch(LaunchServiceHandlerDecorator.java:30) ~[modlauncher-10.0.9.jar%2355!/:?]
	at cpw.mods.modlauncher.LaunchServiceHandler.launch(LaunchServiceHandler.java:53) ~[modlauncher-10.0.9.jar%2355!/:?]
	at cpw.mods.modlauncher.LaunchServiceHandler.launch(LaunchServiceHandler.java:71) ~[modlauncher-10.0.9.jar%2355!/:?]
	at cpw.mods.modlauncher.Launcher.run(Launcher.java:108) ~[modlauncher-10.0.9.jar%2355!/:?]
	at cpw.mods.modlauncher.Launcher.main(Launcher.java:78) ~[modlauncher-10.0.9.jar%2355!/:?]
	at cpw.mods.modlauncher.BootstrapLaunchConsumer.accept(BootstrapLaunchConsumer.java:26) ~[modlauncher-10.0.9.jar%2355!/:?]
	at cpw.mods.modlauncher.BootstrapLaunchConsumer.accept(BootstrapLaunchConsumer.java:23) ~[modlauncher-10.0.9.jar%2355!/:?]
	at cpw.mods.bootstraplauncher.BootstrapLauncher.main(BootstrapLauncher.java:141) ~[bootstraplauncher-1.1.2.jar:?]
[02Jul2025 22:40:08.549] [main/INFO] [net.minecraft.world.item.crafting.RecipeManager/]: Skipping loading recipe twilightforest:jeed/hunger as it's serializer returned null
[02Jul2025 22:40:08.572] [main/INFO] [net.minecraft.world.item.crafting.RecipeManager/]: Skipping loading recipe vampirism:vampire/blood_bottle as it's serializer returned null
[02Jul2025 22:40:08.637] [main/ERROR] [net.minecraft.world.item.crafting.RecipeManager/]: Parsing error loading recipe apocalypsenow:firemodulekatana
com.google.gson.JsonSyntaxException: Invalid or unsupported recipe type 'minecraft:smithing'
	at net.minecraft.world.item.crafting.RecipeManager.m_220253_(RecipeManager.java:170) ~[server-1.20.1-20230612.114412-srg.jar%23323!/:?]
	at java.util.Optional.orElseThrow(Optional.java:403) ~[?:?]
	at net.minecraft.world.item.crafting.RecipeManager.fromJson(RecipeManager.java:169) ~[server-1.20.1-20230612.114412-srg.jar%23323!/:?]
	at net.minecraft.world.item.crafting.RecipeManager.m_5787_(RecipeManager.java:67) ~[server-1.20.1-20230612.114412-srg.jar%23323!/:?]
	at net.minecraft.world.item.crafting.RecipeManager.m_5787_(RecipeManager.java:34) ~[server-1.20.1-20230612.114412-srg.jar%23323!/:?]
	at net.minecraft.server.packs.resources.SimplePreparableReloadListener.m_10789_(SimplePreparableReloadListener.java:13) ~[server-1.20.1-20230612.114412-srg.jar%23323!/:?]
	at java.util.concurrent.CompletableFuture$UniAccept.tryFire(CompletableFuture.java:718) ~[?:?]
	at java.util.concurrent.CompletableFuture$Completion.run(CompletableFuture.java:482) ~[?:?]
	at net.minecraft.server.packs.resources.SimpleReloadInstance.m_143940_(SimpleReloadInstance.java:69) ~[server-1.20.1-20230612.114412-srg.jar%23323!/:?]
	at net.minecraft.Util.m_214652_(Util.java:783) ~[server-1.20.1-20230612.114412-srg.jar%23323!/:?]
	at net.minecraft.Util.m_214679_(Util.java:772) ~[server-1.20.1-20230612.114412-srg.jar%23323!/:?]
	at net.minecraft.server.Main.main(Main.java:166) ~[server-1.20.1-20230612.114412-srg.jar%23323!/:?]
	at jdk.internal.reflect.NativeMethodAccessorImpl.invoke0(Native Method) ~[?:?]
	at jdk.internal.reflect.NativeMethodAccessorImpl.invoke(NativeMethodAccessorImpl.java:77) ~[?:?]
	at jdk.internal.reflect.DelegatingMethodAccessorImpl.invoke(DelegatingMethodAccessorImpl.java:43) ~[?:?]
	at java.lang.reflect.Method.invoke(Method.java:569) ~[?:?]
	at net.minecraftforge.fml.loading.targets.CommonLaunchHandler.runTarget(CommonLaunchHandler.java:111) ~[fmlloader-1.20.1-47.3.7.jar%2369!/:?]
	at net.minecraftforge.fml.loading.targets.CommonLaunchHandler.serverService(CommonLaunchHandler.java:103) ~[fmlloader-1.20.1-47.3.7.jar%2369!/:?]
	at net.minecraftforge.fml.loading.targets.CommonServerLaunchHandler.lambda$makeService$0(CommonServerLaunchHandler.java:27) ~[fmlloader-1.20.1-47.3.7.jar%2369!/:?]
	at cpw.mods.modlauncher.LaunchServiceHandlerDecorator.launch(LaunchServiceHandlerDecorator.java:30) ~[modlauncher-10.0.9.jar%2355!/:?]
	at cpw.mods.modlauncher.LaunchServiceHandler.launch(LaunchServiceHandler.java:53) ~[modlauncher-10.0.9.jar%2355!/:?]
	at cpw.mods.modlauncher.LaunchServiceHandler.launch(LaunchServiceHandler.java:71) ~[modlauncher-10.0.9.jar%2355!/:?]
	at cpw.mods.modlauncher.Launcher.run(Launcher.java:108) ~[modlauncher-10.0.9.jar%2355!/:?]
	at cpw.mods.modlauncher.Launcher.main(Launcher.java:78) ~[modlauncher-10.0.9.jar%2355!/:?]
	at cpw.mods.modlauncher.BootstrapLaunchConsumer.accept(BootstrapLaunchConsumer.java:26) ~[modlauncher-10.0.9.jar%2355!/:?]
	at cpw.mods.modlauncher.BootstrapLaunchConsumer.accept(BootstrapLaunchConsumer.java:23) ~[modlauncher-10.0.9.jar%2355!/:?]
	at cpw.mods.bootstraplauncher.BootstrapLauncher.main(BootstrapLauncher.java:141) ~[bootstraplauncher-1.1.2.jar:?]
[02Jul2025 22:40:08.858] [main/INFO] [net.minecraft.world.item.crafting.RecipeManager/]: Skipping loading recipe twilightforest:jeed/poison as it's serializer returned null
[02Jul2025 22:40:08.861] [main/ERROR] [net.minecraft.world.item.crafting.RecipeManager/]: Parsing error loading recipe apocalypsenow:eletricalclub
com.google.gson.JsonSyntaxException: Invalid or unsupported recipe type 'minecraft:smithing'
	at net.minecraft.world.item.crafting.RecipeManager.m_220253_(RecipeManager.java:170) ~[server-1.20.1-20230612.114412-srg.jar%23323!/:?]
	at java.util.Optional.orElseThrow(Optional.java:403) ~[?:?]
	at net.minecraft.world.item.crafting.RecipeManager.fromJson(RecipeManager.java:169) ~[server-1.20.1-20230612.114412-srg.jar%23323!/:?]
	at net.minecraft.world.item.crafting.RecipeManager.m_5787_(RecipeManager.java:67) ~[server-1.20.1-20230612.114412-srg.jar%23323!/:?]
	at net.minecraft.world.item.crafting.RecipeManager.m_5787_(RecipeManager.java:34) ~[server-1.20.1-20230612.114412-srg.jar%23323!/:?]
	at net.minecraft.server.packs.resources.SimplePreparableReloadListener.m_10789_(SimplePreparableReloadListener.java:13) ~[server-1.20.1-20230612.114412-srg.jar%23323!/:?]
	at java.util.concurrent.CompletableFuture$UniAccept.tryFire(CompletableFuture.java:718) ~[?:?]
	at java.util.concurrent.CompletableFuture$Completion.run(CompletableFuture.java:482) ~[?:?]
	at net.minecraft.server.packs.resources.SimpleReloadInstance.m_143940_(SimpleReloadInstance.java:69) ~[server-1.20.1-20230612.114412-srg.jar%23323!/:?]
	at net.minecraft.Util.m_214652_(Util.java:783) ~[server-1.20.1-20230612.114412-srg.jar%23323!/:?]
	at net.minecraft.Util.m_214679_(Util.java:772) ~[server-1.20.1-20230612.114412-srg.jar%23323!/:?]
	at net.minecraft.server.Main.main(Main.java:166) ~[server-1.20.1-20230612.114412-srg.jar%23323!/:?]
	at jdk.internal.reflect.NativeMethodAccessorImpl.invoke0(Native Method) ~[?:?]
	at jdk.internal.reflect.NativeMethodAccessorImpl.invoke(NativeMethodAccessorImpl.java:77) ~[?:?]
	at jdk.internal.reflect.DelegatingMethodAccessorImpl.invoke(DelegatingMethodAccessorImpl.java:43) ~[?:?]
	at java.lang.reflect.Method.invoke(Method.java:569) ~[?:?]
	at net.minecraftforge.fml.loading.targets.CommonLaunchHandler.runTarget(CommonLaunchHandler.java:111) ~[fmlloader-1.20.1-47.3.7.jar%2369!/:?]
	at net.minecraftforge.fml.loading.targets.CommonLaunchHandler.serverService(CommonLaunchHandler.java:103) ~[fmlloader-1.20.1-47.3.7.jar%2369!/:?]
	at net.minecraftforge.fml.loading.targets.CommonServerLaunchHandler.lambda$makeService$0(CommonServerLaunchHandler.java:27) ~[fmlloader-1.20.1-47.3.7.jar%2369!/:?]
	at cpw.mods.modlauncher.LaunchServiceHandlerDecorator.launch(LaunchServiceHandlerDecorator.java:30) ~[modlauncher-10.0.9.jar%2355!/:?]
	at cpw.mods.modlauncher.LaunchServiceHandler.launch(LaunchServiceHandler.java:53) ~[modlauncher-10.0.9.jar%2355!/:?]
	at cpw.mods.modlauncher.LaunchServiceHandler.launch(LaunchServiceHandler.java:71) ~[modlauncher-10.0.9.jar%2355!/:?]
	at cpw.mods.modlauncher.Launcher.run(Launcher.java:108) ~[modlauncher-10.0.9.jar%2355!/:?]
	at cpw.mods.modlauncher.Launcher.main(Launcher.java:78) ~[modlauncher-10.0.9.jar%2355!/:?]
	at cpw.mods.modlauncher.BootstrapLaunchConsumer.accept(BootstrapLaunchConsumer.java:26) ~[modlauncher-10.0.9.jar%2355!/:?]
	at cpw.mods.modlauncher.BootstrapLaunchConsumer.accept(BootstrapLaunchConsumer.java:23) ~[modlauncher-10.0.9.jar%2355!/:?]
	at cpw.mods.bootstraplauncher.BootstrapLauncher.main(BootstrapLauncher.java:141) ~[bootstraplauncher-1.1.2.jar:?]
[02Jul2025 22:40:08.864] [main/ERROR] [net.minecraft.world.item.crafting.RecipeManager/]: Parsing error loading recipe apocalypsenow:firemodulecombataxe
com.google.gson.JsonSyntaxException: Invalid or unsupported recipe type 'minecraft:smithing'
	at net.minecraft.world.item.crafting.RecipeManager.m_220253_(RecipeManager.java:170) ~[server-1.20.1-20230612.114412-srg.jar%23323!/:?]
	at java.util.Optional.orElseThrow(Optional.java:403) ~[?:?]
	at net.minecraft.world.item.crafting.RecipeManager.fromJson(RecipeManager.java:169) ~[server-1.20.1-20230612.114412-srg.jar%23323!/:?]
	at net.minecraft.world.item.crafting.RecipeManager.m_5787_(RecipeManager.java:67) ~[server-1.20.1-20230612.114412-srg.jar%23323!/:?]
	at net.minecraft.world.item.crafting.RecipeManager.m_5787_(RecipeManager.java:34) ~[server-1.20.1-20230612.114412-srg.jar%23323!/:?]
	at net.minecraft.server.packs.resources.SimplePreparableReloadListener.m_10789_(SimplePreparableReloadListener.java:13) ~[server-1.20.1-20230612.114412-srg.jar%23323!/:?]
	at java.util.concurrent.CompletableFuture$UniAccept.tryFire(CompletableFuture.java:718) ~[?:?]
	at java.util.concurrent.CompletableFuture$Completion.run(CompletableFuture.java:482) ~[?:?]
	at net.minecraft.server.packs.resources.SimpleReloadInstance.m_143940_(SimpleReloadInstance.java:69) ~[server-1.20.1-20230612.114412-srg.jar%23323!/:?]
	at net.minecraft.Util.m_214652_(Util.java:783) ~[server-1.20.1-20230612.114412-srg.jar%23323!/:?]
	at net.minecraft.Util.m_214679_(Util.java:772) ~[server-1.20.1-20230612.114412-srg.jar%23323!/:?]
	at net.minecraft.server.Main.main(Main.java:166) ~[server-1.20.1-20230612.114412-srg.jar%23323!/:?]
	at jdk.internal.reflect.NativeMethodAccessorImpl.invoke0(Native Method) ~[?:?]
	at jdk.internal.reflect.NativeMethodAccessorImpl.invoke(NativeMethodAccessorImpl.java:77) ~[?:?]
	at jdk.internal.reflect.DelegatingMethodAccessorImpl.invoke(DelegatingMethodAccessorImpl.java:43) ~[?:?]
	at java.lang.reflect.Method.invoke(Method.java:569) ~[?:?]
	at net.minecraftforge.fml.loading.targets.CommonLaunchHandler.runTarget(CommonLaunchHandler.java:111) ~[fmlloader-1.20.1-47.3.7.jar%2369!/:?]
	at net.minecraftforge.fml.loading.targets.CommonLaunchHandler.serverService(CommonLaunchHandler.java:103) ~[fmlloader-1.20.1-47.3.7.jar%2369!/:?]
	at net.minecraftforge.fml.loading.targets.CommonServerLaunchHandler.lambda$makeService$0(CommonServerLaunchHandler.java:27) ~[fmlloader-1.20.1-47.3.7.jar%2369!/:?]
	at cpw.mods.modlauncher.LaunchServiceHandlerDecorator.launch(LaunchServiceHandlerDecorator.java:30) ~[modlauncher-10.0.9.jar%2355!/:?]
	at cpw.mods.modlauncher.LaunchServiceHandler.launch(LaunchServiceHandler.java:53) ~[modlauncher-10.0.9.jar%2355!/:?]
	at cpw.mods.modlauncher.LaunchServiceHandler.launch(LaunchServiceHandler.java:71) ~[modlauncher-10.0.9.jar%2355!/:?]
	at cpw.mods.modlauncher.Launcher.run(Launcher.java:108) ~[modlauncher-10.0.9.jar%2355!/:?]
	at cpw.mods.modlauncher.Launcher.main(Launcher.java:78) ~[modlauncher-10.0.9.jar%2355!/:?]
	at cpw.mods.modlauncher.BootstrapLaunchConsumer.accept(BootstrapLaunchConsumer.java:26) ~[modlauncher-10.0.9.jar%2355!/:?]
	at cpw.mods.modlauncher.BootstrapLaunchConsumer.accept(BootstrapLaunchConsumer.java:23) ~[modlauncher-10.0.9.jar%2355!/:?]
	at cpw.mods.bootstraplauncher.BootstrapLauncher.main(BootstrapLauncher.java:141) ~[bootstraplauncher-1.1.2.jar:?]
[02Jul2025 22:40:08.917] [main/ERROR] [net.minecraft.world.item.crafting.RecipeManager/]: Parsing error loading recipe apocalypsenow:eletricalkatana
com.google.gson.JsonSyntaxException: Invalid or unsupported recipe type 'minecraft:smithing'
	at net.minecraft.world.item.crafting.RecipeManager.m_220253_(RecipeManager.java:170) ~[server-1.20.1-20230612.114412-srg.jar%23323!/:?]
	at java.util.Optional.orElseThrow(Optional.java:403) ~[?:?]
	at net.minecraft.world.item.crafting.RecipeManager.fromJson(RecipeManager.java:169) ~[server-1.20.1-20230612.114412-srg.jar%23323!/:?]
	at net.minecraft.world.item.crafting.RecipeManager.m_5787_(RecipeManager.java:67) ~[server-1.20.1-20230612.114412-srg.jar%23323!/:?]
	at net.minecraft.world.item.crafting.RecipeManager.m_5787_(RecipeManager.java:34) ~[server-1.20.1-20230612.114412-srg.jar%23323!/:?]
	at net.minecraft.server.packs.resources.SimplePreparableReloadListener.m_10789_(SimplePreparableReloadListener.java:13) ~[server-1.20.1-20230612.114412-srg.jar%23323!/:?]
	at java.util.concurrent.CompletableFuture$UniAccept.tryFire(CompletableFuture.java:718) ~[?:?]
	at java.util.concurrent.CompletableFuture$Completion.run(CompletableFuture.java:482) ~[?:?]
	at net.minecraft.server.packs.resources.SimpleReloadInstance.m_143940_(SimpleReloadInstance.java:69) ~[server-1.20.1-20230612.114412-srg.jar%23323!/:?]
	at net.minecraft.Util.m_214652_(Util.java:783) ~[server-1.20.1-20230612.114412-srg.jar%23323!/:?]
	at net.minecraft.Util.m_214679_(Util.java:772) ~[server-1.20.1-20230612.114412-srg.jar%23323!/:?]
	at net.minecraft.server.Main.main(Main.java:166) ~[server-1.20.1-20230612.114412-srg.jar%23323!/:?]
	at jdk.internal.reflect.NativeMethodAccessorImpl.invoke0(Native Method) ~[?:?]
	at jdk.internal.reflect.NativeMethodAccessorImpl.invoke(NativeMethodAccessorImpl.java:77) ~[?:?]
	at jdk.internal.reflect.DelegatingMethodAccessorImpl.invoke(DelegatingMethodAccessorImpl.java:43) ~[?:?]
	at java.lang.reflect.Method.invoke(Method.java:569) ~[?:?]
	at net.minecraftforge.fml.loading.targets.CommonLaunchHandler.runTarget(CommonLaunchHandler.java:111) ~[fmlloader-1.20.1-47.3.7.jar%2369!/:?]
	at net.minecraftforge.fml.loading.targets.CommonLaunchHandler.serverService(CommonLaunchHandler.java:103) ~[fmlloader-1.20.1-47.3.7.jar%2369!/:?]
	at net.minecraftforge.fml.loading.targets.CommonServerLaunchHandler.lambda$makeService$0(CommonServerLaunchHandler.java:27) ~[fmlloader-1.20.1-47.3.7.jar%2369!/:?]
	at cpw.mods.modlauncher.LaunchServiceHandlerDecorator.launch(LaunchServiceHandlerDecorator.java:30) ~[modlauncher-10.0.9.jar%2355!/:?]
	at cpw.mods.modlauncher.LaunchServiceHandler.launch(LaunchServiceHandler.java:53) ~[modlauncher-10.0.9.jar%2355!/:?]
	at cpw.mods.modlauncher.LaunchServiceHandler.launch(LaunchServiceHandler.java:71) ~[modlauncher-10.0.9.jar%2355!/:?]
	at cpw.mods.modlauncher.Launcher.run(Launcher.java:108) ~[modlauncher-10.0.9.jar%2355!/:?]
	at cpw.mods.modlauncher.Launcher.main(Launcher.java:78) ~[modlauncher-10.0.9.jar%2355!/:?]
	at cpw.mods.modlauncher.BootstrapLaunchConsumer.accept(BootstrapLaunchConsumer.java:26) ~[modlauncher-10.0.9.jar%2355!/:?]
	at cpw.mods.modlauncher.BootstrapLaunchConsumer.accept(BootstrapLaunchConsumer.java:23) ~[modlauncher-10.0.9.jar%2355!/:?]
	at cpw.mods.bootstraplauncher.BootstrapLauncher.main(BootstrapLauncher.java:141) ~[bootstraplauncher-1.1.2.jar:?]
[02Jul2025 22:40:08.937] [main/ERROR] [net.minecraft.world.item.crafting.RecipeManager/]: Parsing error loading recipe apocalypsenow:eletricaltaticalmace
com.google.gson.JsonSyntaxException: Invalid or unsupported recipe type 'minecraft:smithing'
	at net.minecraft.world.item.crafting.RecipeManager.m_220253_(RecipeManager.java:170) ~[server-1.20.1-20230612.114412-srg.jar%23323!/:?]
	at java.util.Optional.orElseThrow(Optional.java:403) ~[?:?]
	at net.minecraft.world.item.crafting.RecipeManager.fromJson(RecipeManager.java:169) ~[server-1.20.1-20230612.114412-srg.jar%23323!/:?]
	at net.minecraft.world.item.crafting.RecipeManager.m_5787_(RecipeManager.java:67) ~[server-1.20.1-20230612.114412-srg.jar%23323!/:?]
	at net.minecraft.world.item.crafting.RecipeManager.m_5787_(RecipeManager.java:34) ~[server-1.20.1-20230612.114412-srg.jar%23323!/:?]
	at net.minecraft.server.packs.resources.SimplePreparableReloadListener.m_10789_(SimplePreparableReloadListener.java:13) ~[server-1.20.1-20230612.114412-srg.jar%23323!/:?]
	at java.util.concurrent.CompletableFuture$UniAccept.tryFire(CompletableFuture.java:718) ~[?:?]
	at java.util.concurrent.CompletableFuture$Completion.run(CompletableFuture.java:482) ~[?:?]
	at net.minecraft.server.packs.resources.SimpleReloadInstance.m_143940_(SimpleReloadInstance.java:69) ~[server-1.20.1-20230612.114412-srg.jar%23323!/:?]
	at net.minecraft.Util.m_214652_(Util.java:783) ~[server-1.20.1-20230612.114412-srg.jar%23323!/:?]
	at net.minecraft.Util.m_214679_(Util.java:772) ~[server-1.20.1-20230612.114412-srg.jar%23323!/:?]
	at net.minecraft.server.Main.main(Main.java:166) ~[server-1.20.1-20230612.114412-srg.jar%23323!/:?]
	at jdk.internal.reflect.NativeMethodAccessorImpl.invoke0(Native Method) ~[?:?]
	at jdk.internal.reflect.NativeMethodAccessorImpl.invoke(NativeMethodAccessorImpl.java:77) ~[?:?]
	at jdk.internal.reflect.DelegatingMethodAccessorImpl.invoke(DelegatingMethodAccessorImpl.java:43) ~[?:?]
	at java.lang.reflect.Method.invoke(Method.java:569) ~[?:?]
	at net.minecraftforge.fml.loading.targets.CommonLaunchHandler.runTarget(CommonLaunchHandler.java:111) ~[fmlloader-1.20.1-47.3.7.jar%2369!/:?]
	at net.minecraftforge.fml.loading.targets.CommonLaunchHandler.serverService(CommonLaunchHandler.java:103) ~[fmlloader-1.20.1-47.3.7.jar%2369!/:?]
	at net.minecraftforge.fml.loading.targets.CommonServerLaunchHandler.lambda$makeService$0(CommonServerLaunchHandler.java:27) ~[fmlloader-1.20.1-47.3.7.jar%2369!/:?]
	at cpw.mods.modlauncher.LaunchServiceHandlerDecorator.launch(LaunchServiceHandlerDecorator.java:30) ~[modlauncher-10.0.9.jar%2355!/:?]
	at cpw.mods.modlauncher.LaunchServiceHandler.launch(LaunchServiceHandler.java:53) ~[modlauncher-10.0.9.jar%2355!/:?]
	at cpw.mods.modlauncher.LaunchServiceHandler.launch(LaunchServiceHandler.java:71) ~[modlauncher-10.0.9.jar%2355!/:?]
	at cpw.mods.modlauncher.Launcher.run(Launcher.java:108) ~[modlauncher-10.0.9.jar%2355!/:?]
	at cpw.mods.modlauncher.Launcher.main(Launcher.java:78) ~[modlauncher-10.0.9.jar%2355!/:?]
	at cpw.mods.modlauncher.BootstrapLaunchConsumer.accept(BootstrapLaunchConsumer.java:26) ~[modlauncher-10.0.9.jar%2355!/:?]
	at cpw.mods.modlauncher.BootstrapLaunchConsumer.accept(BootstrapLaunchConsumer.java:23) ~[modlauncher-10.0.9.jar%2355!/:?]
	at cpw.mods.bootstraplauncher.BootstrapLauncher.main(BootstrapLauncher.java:141) ~[bootstraplauncher-1.1.2.jar:?]
[02Jul2025 22:40:08.986] [main/INFO] [net.minecraft.world.item.crafting.RecipeManager/]: Skipping loading recipe supplementaries:inspirations/flag_clear as it's serializer returned null
[02Jul2025 22:40:09.023] [main/INFO] [net.minecraft.world.item.crafting.RecipeManager/]: Skipping loading recipe twilightforest:jeed/regeneration as it's serializer returned null
[02Jul2025 22:40:09.045] [main/INFO] [net.minecraft.world.item.crafting.RecipeManager/]: Skipping loading recipe twilightforest:jeed/fire_resistance as it's serializer returned null
[02Jul2025 22:40:09.064] [main/INFO] [net.minecraft.world.item.crafting.RecipeManager/]: Skipping loading recipe supplementaries:inspirations/blackboard_clear as it's serializer returned null
[02Jul2025 22:40:09.065] [main/ERROR] [net.minecraft.world.item.crafting.RecipeManager/]: Parsing error loading recipe apocalypsenow:combataxe
com.google.gson.JsonSyntaxException: Invalid or unsupported recipe type 'minecraft:smithing'
	at net.minecraft.world.item.crafting.RecipeManager.m_220253_(RecipeManager.java:170) ~[server-1.20.1-20230612.114412-srg.jar%23323!/:?]
	at java.util.Optional.orElseThrow(Optional.java:403) ~[?:?]
	at net.minecraft.world.item.crafting.RecipeManager.fromJson(RecipeManager.java:169) ~[server-1.20.1-20230612.114412-srg.jar%23323!/:?]
	at net.minecraft.world.item.crafting.RecipeManager.m_5787_(RecipeManager.java:67) ~[server-1.20.1-20230612.114412-srg.jar%23323!/:?]
	at net.minecraft.world.item.crafting.RecipeManager.m_5787_(RecipeManager.java:34) ~[server-1.20.1-20230612.114412-srg.jar%23323!/:?]
	at net.minecraft.server.packs.resources.SimplePreparableReloadListener.m_10789_(SimplePreparableReloadListener.java:13) ~[server-1.20.1-20230612.114412-srg.jar%23323!/:?]
	at java.util.concurrent.CompletableFuture$UniAccept.tryFire(CompletableFuture.java:718) ~[?:?]
	at java.util.concurrent.CompletableFuture$Completion.run(CompletableFuture.java:482) ~[?:?]
	at net.minecraft.server.packs.resources.SimpleReloadInstance.m_143940_(SimpleReloadInstance.java:69) ~[server-1.20.1-20230612.114412-srg.jar%23323!/:?]
	at net.minecraft.Util.m_214652_(Util.java:783) ~[server-1.20.1-20230612.114412-srg.jar%23323!/:?]
	at net.minecraft.Util.m_214679_(Util.java:772) ~[server-1.20.1-20230612.114412-srg.jar%23323!/:?]
	at net.minecraft.server.Main.main(Main.java:166) ~[server-1.20.1-20230612.114412-srg.jar%23323!/:?]
	at jdk.internal.reflect.NativeMethodAccessorImpl.invoke0(Native Method) ~[?:?]
	at jdk.internal.reflect.NativeMethodAccessorImpl.invoke(NativeMethodAccessorImpl.java:77) ~[?:?]
	at jdk.internal.reflect.DelegatingMethodAccessorImpl.invoke(DelegatingMethodAccessorImpl.java:43) ~[?:?]
	at java.lang.reflect.Method.invoke(Method.java:569) ~[?:?]
	at net.minecraftforge.fml.loading.targets.CommonLaunchHandler.runTarget(CommonLaunchHandler.java:111) ~[fmlloader-1.20.1-47.3.7.jar%2369!/:?]
	at net.minecraftforge.fml.loading.targets.CommonLaunchHandler.serverService(CommonLaunchHandler.java:103) ~[fmlloader-1.20.1-47.3.7.jar%2369!/:?]
	at net.minecraftforge.fml.loading.targets.CommonServerLaunchHandler.lambda$makeService$0(CommonServerLaunchHandler.java:27) ~[fmlloader-1.20.1-47.3.7.jar%2369!/:?]
	at cpw.mods.modlauncher.LaunchServiceHandlerDecorator.launch(LaunchServiceHandlerDecorator.java:30) ~[modlauncher-10.0.9.jar%2355!/:?]
	at cpw.mods.modlauncher.LaunchServiceHandler.launch(LaunchServiceHandler.java:53) ~[modlauncher-10.0.9.jar%2355!/:?]
	at cpw.mods.modlauncher.LaunchServiceHandler.launch(LaunchServiceHandler.java:71) ~[modlauncher-10.0.9.jar%2355!/:?]
	at cpw.mods.modlauncher.Launcher.run(Launcher.java:108) ~[modlauncher-10.0.9.jar%2355!/:?]
	at cpw.mods.modlauncher.Launcher.main(Launcher.java:78) ~[modlauncher-10.0.9.jar%2355!/:?]
	at cpw.mods.modlauncher.BootstrapLaunchConsumer.accept(BootstrapLaunchConsumer.java:26) ~[modlauncher-10.0.9.jar%2355!/:?]
	at cpw.mods.modlauncher.BootstrapLaunchConsumer.accept(BootstrapLaunchConsumer.java:23) ~[modlauncher-10.0.9.jar%2355!/:?]
	at cpw.mods.bootstraplauncher.BootstrapLauncher.main(BootstrapLauncher.java:141) ~[bootstraplauncher-1.1.2.jar:?]
[02Jul2025 22:40:09.109] [main/INFO] [net.minecraft.world.item.crafting.RecipeManager/]: Skipping loading recipe twilightforest:jeed/frosted as it's serializer returned null
[02Jul2025 22:40:09.112] [main/INFO] [net.minecraft.world.item.crafting.RecipeManager/]: Skipping loading recipe supplementaries:inspirations/flag_dye as it's serializer returned null
[02Jul2025 22:40:09.156] [main/ERROR] [net.minecraft.world.item.crafting.RecipeManager/]: Parsing error loading recipe apocalypsenow:eletricalmachete
com.google.gson.JsonSyntaxException: Invalid or unsupported recipe type 'minecraft:smithing'
	at net.minecraft.world.item.crafting.RecipeManager.m_220253_(RecipeManager.java:170) ~[server-1.20.1-20230612.114412-srg.jar%23323!/:?]
	at java.util.Optional.orElseThrow(Optional.java:403) ~[?:?]
	at net.minecraft.world.item.crafting.RecipeManager.fromJson(RecipeManager.java:169) ~[server-1.20.1-20230612.114412-srg.jar%23323!/:?]
	at net.minecraft.world.item.crafting.RecipeManager.m_5787_(RecipeManager.java:67) ~[server-1.20.1-20230612.114412-srg.jar%23323!/:?]
	at net.minecraft.world.item.crafting.RecipeManager.m_5787_(RecipeManager.java:34) ~[server-1.20.1-20230612.114412-srg.jar%23323!/:?]
	at net.minecraft.server.packs.resources.SimplePreparableReloadListener.m_10789_(SimplePreparableReloadListener.java:13) ~[server-1.20.1-20230612.114412-srg.jar%23323!/:?]
	at java.util.concurrent.CompletableFuture$UniAccept.tryFire(CompletableFuture.java:718) ~[?:?]
	at java.util.concurrent.CompletableFuture$Completion.run(CompletableFuture.java:482) ~[?:?]
	at net.minecraft.server.packs.resources.SimpleReloadInstance.m_143940_(SimpleReloadInstance.java:69) ~[server-1.20.1-20230612.114412-srg.jar%23323!/:?]
	at net.minecraft.Util.m_214652_(Util.java:783) ~[server-1.20.1-20230612.114412-srg.jar%23323!/:?]
	at net.minecraft.Util.m_214679_(Util.java:772) ~[server-1.20.1-20230612.114412-srg.jar%23323!/:?]
	at net.minecraft.server.Main.main(Main.java:166) ~[server-1.20.1-20230612.114412-srg.jar%23323!/:?]
	at jdk.internal.reflect.NativeMethodAccessorImpl.invoke0(Native Method) ~[?:?]
	at jdk.internal.reflect.NativeMethodAccessorImpl.invoke(NativeMethodAccessorImpl.java:77) ~[?:?]
	at jdk.internal.reflect.DelegatingMethodAccessorImpl.invoke(DelegatingMethodAccessorImpl.java:43) ~[?:?]
	at java.lang.reflect.Method.invoke(Method.java:569) ~[?:?]
	at net.minecraftforge.fml.loading.targets.CommonLaunchHandler.runTarget(CommonLaunchHandler.java:111) ~[fmlloader-1.20.1-47.3.7.jar%2369!/:?]
	at net.minecraftforge.fml.loading.targets.CommonLaunchHandler.serverService(CommonLaunchHandler.java:103) ~[fmlloader-1.20.1-47.3.7.jar%2369!/:?]
	at net.minecraftforge.fml.loading.targets.CommonServerLaunchHandler.lambda$makeService$0(CommonServerLaunchHandler.java:27) ~[fmlloader-1.20.1-47.3.7.jar%2369!/:?]
	at cpw.mods.modlauncher.LaunchServiceHandlerDecorator.launch(LaunchServiceHandlerDecorator.java:30) ~[modlauncher-10.0.9.jar%2355!/:?]
	at cpw.mods.modlauncher.LaunchServiceHandler.launch(LaunchServiceHandler.java:53) ~[modlauncher-10.0.9.jar%2355!/:?]
	at cpw.mods.modlauncher.LaunchServiceHandler.launch(LaunchServiceHandler.java:71) ~[modlauncher-10.0.9.jar%2355!/:?]
	at cpw.mods.modlauncher.Launcher.run(Launcher.java:108) ~[modlauncher-10.0.9.jar%2355!/:?]
	at cpw.mods.modlauncher.Launcher.main(Launcher.java:78) ~[modlauncher-10.0.9.jar%2355!/:?]
	at cpw.mods.modlauncher.BootstrapLaunchConsumer.accept(BootstrapLaunchConsumer.java:26) ~[modlauncher-10.0.9.jar%2355!/:?]
	at cpw.mods.modlauncher.BootstrapLaunchConsumer.accept(BootstrapLaunchConsumer.java:23) ~[modlauncher-10.0.9.jar%2355!/:?]
	at cpw.mods.bootstraplauncher.BootstrapLauncher.main(BootstrapLauncher.java:141) ~[bootstraplauncher-1.1.2.jar:?]
[02Jul2025 22:40:09.184] [main/INFO] [net.minecraft.world.item.crafting.RecipeManager/]: Skipping loading recipe twilightforest:jeed/blindness as it's serializer returned null
[02Jul2025 22:40:09.239] [main/ERROR] [net.minecraft.world.item.crafting.RecipeManager/]: Parsing error loading recipe apocalypsenow:rockeyhelmetrecipe
com.google.gson.JsonSyntaxException: Unknown item 'apocalypsenow:officer_chestplate'
	at net.minecraftforge.common.crafting.CraftingHelper.getItem(CraftingHelper.java:160) ~[forge-1.20.1-47.3.7-universal.jar%23328!/:?]
	at net.minecraftforge.common.crafting.CraftingHelper.getItemStack(CraftingHelper.java:186) ~[forge-1.20.1-47.3.7-universal.jar%23328!/:?]
	at net.minecraft.world.item.crafting.ShapedRecipe.m_151274_(ShapedRecipe.java:286) ~[server-1.20.1-20230612.114412-srg.jar%23323!/:?]
	at net.minecraft.world.item.crafting.ShapedRecipe$Serializer.m_6729_(ShapedRecipe.java:311) ~[server-1.20.1-20230612.114412-srg.jar%23323!/:?]
	at net.minecraft.world.item.crafting.ShapedRecipe$Serializer.m_6729_(ShapedRecipe.java:301) ~[server-1.20.1-20230612.114412-srg.jar%23323!/:?]
	at net.minecraftforge.common.extensions.IForgeRecipeSerializer.fromJson(IForgeRecipeSerializer.java:23) ~[forge-1.20.1-47.3.7-universal.jar%23328!/:?]
	at net.minecraft.world.item.crafting.RecipeManager.fromJson(RecipeManager.java:171) ~[server-1.20.1-20230612.114412-srg.jar%23323!/:?]
	at net.minecraft.world.item.crafting.RecipeManager.m_5787_(RecipeManager.java:67) ~[server-1.20.1-20230612.114412-srg.jar%23323!/:?]
	at net.minecraft.world.item.crafting.RecipeManager.m_5787_(RecipeManager.java:34) ~[server-1.20.1-20230612.114412-srg.jar%23323!/:?]
	at net.minecraft.server.packs.resources.SimplePreparableReloadListener.m_10789_(SimplePreparableReloadListener.java:13) ~[server-1.20.1-20230612.114412-srg.jar%23323!/:?]
	at java.util.concurrent.CompletableFuture$UniAccept.tryFire(CompletableFuture.java:718) ~[?:?]
	at java.util.concurrent.CompletableFuture$Completion.run(CompletableFuture.java:482) ~[?:?]
	at net.minecraft.server.packs.resources.SimpleReloadInstance.m_143940_(SimpleReloadInstance.java:69) ~[server-1.20.1-20230612.114412-srg.jar%23323!/:?]
	at net.minecraft.Util.m_214652_(Util.java:783) ~[server-1.20.1-20230612.114412-srg.jar%23323!/:?]
	at net.minecraft.Util.m_214679_(Util.java:772) ~[server-1.20.1-20230612.114412-srg.jar%23323!/:?]
	at net.minecraft.server.Main.main(Main.java:166) ~[server-1.20.1-20230612.114412-srg.jar%23323!/:?]
	at jdk.internal.reflect.NativeMethodAccessorImpl.invoke0(Native Method) ~[?:?]
	at jdk.internal.reflect.NativeMethodAccessorImpl.invoke(NativeMethodAccessorImpl.java:77) ~[?:?]
	at jdk.internal.reflect.DelegatingMethodAccessorImpl.invoke(DelegatingMethodAccessorImpl.java:43) ~[?:?]
	at java.lang.reflect.Method.invoke(Method.java:569) ~[?:?]
	at net.minecraftforge.fml.loading.targets.CommonLaunchHandler.runTarget(CommonLaunchHandler.java:111) ~[fmlloader-1.20.1-47.3.7.jar%2369!/:?]
	at net.minecraftforge.fml.loading.targets.CommonLaunchHandler.serverService(CommonLaunchHandler.java:103) ~[fmlloader-1.20.1-47.3.7.jar%2369!/:?]
	at net.minecraftforge.fml.loading.targets.CommonServerLaunchHandler.lambda$makeService$0(CommonServerLaunchHandler.java:27) ~[fmlloader-1.20.1-47.3.7.jar%2369!/:?]
	at cpw.mods.modlauncher.LaunchServiceHandlerDecorator.launch(LaunchServiceHandlerDecorator.java:30) ~[modlauncher-10.0.9.jar%2355!/:?]
	at cpw.mods.modlauncher.LaunchServiceHandler.launch(LaunchServiceHandler.java:53) ~[modlauncher-10.0.9.jar%2355!/:?]
	at cpw.mods.modlauncher.LaunchServiceHandler.launch(LaunchServiceHandler.java:71) ~[modlauncher-10.0.9.jar%2355!/:?]
	at cpw.mods.modlauncher.Launcher.run(Launcher.java:108) ~[modlauncher-10.0.9.jar%2355!/:?]
	at cpw.mods.modlauncher.Launcher.main(Launcher.java:78) ~[modlauncher-10.0.9.jar%2355!/:?]
	at cpw.mods.modlauncher.BootstrapLaunchConsumer.accept(BootstrapLaunchConsumer.java:26) ~[modlauncher-10.0.9.jar%2355!/:?]
	at cpw.mods.modlauncher.BootstrapLaunchConsumer.accept(BootstrapLaunchConsumer.java:23) ~[modlauncher-10.0.9.jar%2355!/:?]
	at cpw.mods.bootstraplauncher.BootstrapLauncher.main(BootstrapLauncher.java:141) ~[bootstraplauncher-1.1.2.jar:?]
[02Jul2025 22:40:09.266] [main/ERROR] [net.minecraft.world.item.crafting.RecipeManager/]: Parsing error loading recipe apocalypsenow:eletricalbaseballbat
com.google.gson.JsonSyntaxException: Invalid or unsupported recipe type 'minecraft:smithing'
	at net.minecraft.world.item.crafting.RecipeManager.m_220253_(RecipeManager.java:170) ~[server-1.20.1-20230612.114412-srg.jar%23323!/:?]
	at java.util.Optional.orElseThrow(Optional.java:403) ~[?:?]
	at net.minecraft.world.item.crafting.RecipeManager.fromJson(RecipeManager.java:169) ~[server-1.20.1-20230612.114412-srg.jar%23323!/:?]
	at net.minecraft.world.item.crafting.RecipeManager.m_5787_(RecipeManager.java:67) ~[server-1.20.1-20230612.114412-srg.jar%23323!/:?]
	at net.minecraft.world.item.crafting.RecipeManager.m_5787_(RecipeManager.java:34) ~[server-1.20.1-20230612.114412-srg.jar%23323!/:?]
	at net.minecraft.server.packs.resources.SimplePreparableReloadListener.m_10789_(SimplePreparableReloadListener.java:13) ~[server-1.20.1-20230612.114412-srg.jar%23323!/:?]
	at java.util.concurrent.CompletableFuture$UniAccept.tryFire(CompletableFuture.java:718) ~[?:?]
	at java.util.concurrent.CompletableFuture$Completion.run(CompletableFuture.java:482) ~[?:?]
	at net.minecraft.server.packs.resources.SimpleReloadInstance.m_143940_(SimpleReloadInstance.java:69) ~[server-1.20.1-20230612.114412-srg.jar%23323!/:?]
	at net.minecraft.Util.m_214652_(Util.java:783) ~[server-1.20.1-20230612.114412-srg.jar%23323!/:?]
	at net.minecraft.Util.m_214679_(Util.java:772) ~[server-1.20.1-20230612.114412-srg.jar%23323!/:?]
	at net.minecraft.server.Main.main(Main.java:166) ~[server-1.20.1-20230612.114412-srg.jar%23323!/:?]
	at jdk.internal.reflect.NativeMethodAccessorImpl.invoke0(Native Method) ~[?:?]
	at jdk.internal.reflect.NativeMethodAccessorImpl.invoke(NativeMethodAccessorImpl.java:77) ~[?:?]
	at jdk.internal.reflect.DelegatingMethodAccessorImpl.invoke(DelegatingMethodAccessorImpl.java:43) ~[?:?]
	at java.lang.reflect.Method.invoke(Method.java:569) ~[?:?]
	at net.minecraftforge.fml.loading.targets.CommonLaunchHandler.runTarget(CommonLaunchHandler.java:111) ~[fmlloader-1.20.1-47.3.7.jar%2369!/:?]
	at net.minecraftforge.fml.loading.targets.CommonLaunchHandler.serverService(CommonLaunchHandler.java:103) ~[fmlloader-1.20.1-47.3.7.jar%2369!/:?]
	at net.minecraftforge.fml.loading.targets.CommonServerLaunchHandler.lambda$makeService$0(CommonServerLaunchHandler.java:27) ~[fmlloader-1.20.1-47.3.7.jar%2369!/:?]
	at cpw.mods.modlauncher.LaunchServiceHandlerDecorator.launch(LaunchServiceHandlerDecorator.java:30) ~[modlauncher-10.0.9.jar%2355!/:?]
	at cpw.mods.modlauncher.LaunchServiceHandler.launch(LaunchServiceHandler.java:53) ~[modlauncher-10.0.9.jar%2355!/:?]
	at cpw.mods.modlauncher.LaunchServiceHandler.launch(LaunchServiceHandler.java:71) ~[modlauncher-10.0.9.jar%2355!/:?]
	at cpw.mods.modlauncher.Launcher.run(Launcher.java:108) ~[modlauncher-10.0.9.jar%2355!/:?]
	at cpw.mods.modlauncher.Launcher.main(Launcher.java:78) ~[modlauncher-10.0.9.jar%2355!/:?]
	at cpw.mods.modlauncher.BootstrapLaunchConsumer.accept(BootstrapLaunchConsumer.java:26) ~[modlauncher-10.0.9.jar%2355!/:?]
	at cpw.mods.modlauncher.BootstrapLaunchConsumer.accept(BootstrapLaunchConsumer.java:23) ~[modlauncher-10.0.9.jar%2355!/:?]
	at cpw.mods.bootstraplauncher.BootstrapLauncher.main(BootstrapLauncher.java:141) ~[bootstraplauncher-1.1.2.jar:?]
[02Jul2025 22:40:09.293] [main/INFO] [net.minecraft.world.item.crafting.RecipeManager/]: Skipping loading recipe twilightforest:jeed/resistance as it's serializer returned null
[02Jul2025 22:40:09.331] [main/INFO] [net.minecraft.world.item.crafting.RecipeManager/]: Skipping loading recipe twilightforest:jeed/slowness as it's serializer returned null
[02Jul2025 22:40:09.348] [main/INFO] [net.minecraft.world.item.crafting.RecipeManager/]: Loaded 86 recipes
[02Jul2025 22:40:09.414] [main/ERROR] [net.minecraft.server.ServerAdvancementManager/]: Parsing error loading custom advancement sophisticatedstorage:recipes/misc/backpack_chipped_mason_table_upgrade_from_storage_chipped_mason_table_upgrade: Unknown item id 'sophisticatedstorage:chipped/mason_table_upgrade'
[02Jul2025 22:40:09.439] [main/ERROR] [net.minecraft.server.ServerAdvancementManager/]: Parsing error loading custom advancement sophisticatedstorage:recipes/misc/backpack_chipped_glassblower_upgrade_from_storage_chipped_glassblower_upgrade: Unknown item id 'sophisticatedstorage:chipped/glassblower_upgrade'
[02Jul2025 22:40:09.445] [main/ERROR] [net.minecraft.server.ServerAdvancementManager/]: Parsing error loading custom advancement sophisticatedstorage:recipes/misc/storage_chipped_carpenters_table_upgrade_from_backpack_chipped_carpenters_table_upgrade: Unknown item id 'sophisticatedbackpacks:chipped/carpenters_table_upgrade'
[02Jul2025 22:40:09.465] [main/ERROR] [net.minecraft.server.ServerAdvancementManager/]: Parsing error loading custom advancement sophisticatedstorage:recipes/misc/storage_chipped_alchemy_bench_upgrade_from_backpack_chipped_alchemy_bench_upgrade: Unknown item id 'sophisticatedbackpacks:chipped/alchemy_bench_upgrade'
[02Jul2025 22:40:09.478] [main/ERROR] [net.minecraft.server.ServerAdvancementManager/]: Parsing error loading custom advancement sophisticatedstorage:recipes/misc/backpack_chipped_loom_table_upgrade_from_storage_chipped_loom_table_upgrade: Unknown item id 'sophisticatedstorage:chipped/loom_table_upgrade'
[02Jul2025 22:40:09.513] [main/ERROR] [net.minecraft.server.ServerAdvancementManager/]: Parsing error loading custom advancement sophisticatedstorage:recipes/misc/storage_chipped_botanist_workbench_upgrade_from_backpack_chipped_botanist_workbench_upgrade: Unknown item id 'sophisticatedbackpacks:chipped/botanist_workbench_upgrade'
[02Jul2025 22:40:09.519] [main/ERROR] [net.minecraft.server.ServerAdvancementManager/]: Parsing error loading custom advancement sophisticatedstorage:recipes/misc/storage_chipped_tinkering_table_upgrade_from_backpack_chipped_tinkering_table_upgrade: Unknown item id 'sophisticatedbackpacks:chipped/tinkering_table_upgrade'
[02Jul2025 22:40:09.572] [main/ERROR] [net.minecraft.server.ServerAdvancementManager/]: Parsing error loading custom advancement sophisticatedstorage:recipes/misc/storage_chipped_loom_table_upgrade_from_backpack_chipped_loom_table_upgrade: Unknown item id 'sophisticatedbackpacks:chipped/loom_table_upgrade'
[02Jul2025 22:40:09.589] [main/ERROR] [net.minecraft.server.ServerAdvancementManager/]: Parsing error loading custom advancement sophisticatedstorage:recipes/misc/backpack_chipped_carpenters_table_upgrade_from_storage_chipped_carpenters_table_upgrade: Unknown item id 'sophisticatedstorage:chipped/carpenters_table_upgrade'
[02Jul2025 22:40:09.657] [main/ERROR] [net.minecraft.server.ServerAdvancementManager/]: Parsing error loading custom advancement sophisticatedstorage:recipes/misc/backpack_chipped_botanist_workbench_upgrade_from_storage_chipped_botanist_workbench_upgrade: Unknown item id 'sophisticatedstorage:chipped/botanist_workbench_upgrade'
[02Jul2025 22:40:09.658] [main/ERROR] [net.minecraft.server.ServerAdvancementManager/]: Parsing error loading custom advancement sophisticatedstorage:recipes/misc/storage_chipped_glassblower_upgrade_from_backpack_chipped_glassblower_upgrade: Unknown item id 'sophisticatedbackpacks:chipped/glassblower_upgrade'
[02Jul2025 22:40:09.662] [main/ERROR] [net.minecraft.server.ServerAdvancementManager/]: Parsing error loading custom advancement sophisticatedstorage:recipes/misc/storage_chipped_mason_table_upgrade_from_backpack_chipped_mason_table_upgrade: Unknown item id 'sophisticatedbackpacks:chipped/mason_table_upgrade'
[02Jul2025 22:40:09.670] [main/ERROR] [net.minecraft.server.ServerAdvancementManager/]: Parsing error loading custom advancement sophisticatedstorage:recipes/misc/backpack_chipped_tinkering_table_upgrade_from_storage_chipped_tinkering_table_upgrade: Unknown item id 'sophisticatedstorage:chipped/tinkering_table_upgrade'
[02Jul2025 22:40:09.672] [main/ERROR] [net.minecraft.server.ServerAdvancementManager/]: Parsing error loading custom advancement sophisticatedstorage:recipes/misc/backpack_chipped_alchemy_bench_upgrade_from_storage_chipped_alchemy_bench_upgrade: Unknown item id 'sophisticatedstorage:chipped/alchemy_bench_upgrade'
[02Jul2025 22:40:09.699] [main/INFO] [quark/]: [Automatic Recipe Unlock] Removed 7980 recipe advancements
[02Jul2025 22:40:09.716] [main/INFO] [net.minecraft.advancements.AdvancementList/]: Loaded 993 advancements
[02Jul2025 22:40:09.741] [main/INFO] [twilightforest/]: Loaded 9 Stalactite configs!
[02Jul2025 22:40:09.758] [main/INFO] [top.theillusivec4.curios.Curios/]: Loaded 12 curio slots
[02Jul2025 22:40:09.769] [main/INFO] [top.theillusivec4.curios.Curios/]: Loaded 11 curio entities
[02Jul2025 22:40:09.838] [main/INFO] [Dungeon Crawl/]: Loading data...
[02Jul2025 22:40:10.145] [main/INFO] [Dungeon Crawl/]: Done.
[02Jul2025 22:40:10.157] [main/INFO] [de.teamlapen.vampirism.entity.player.skills.SkillTree/]: Loaded 53 skill nodes
[02Jul2025 22:40:10.161] [main/INFO] [de.teamlapen.vampirism.entity.converted.VampirismEntityRegistry/]: Registered 14 convertibles
[02Jul2025 22:40:10.164] [main/INFO] [quark-zeta/]: Modified advancement minecraft:husbandry/wax_on with 2 patches
[02Jul2025 22:40:10.165] [main/INFO] [quark-zeta/]: Modified advancement minecraft:adventure/kill_a_mob with 3 patches
[02Jul2025 22:40:10.165] [main/INFO] [quark-zeta/]: Modified advancement minecraft:husbandry/bred_all_animals with 3 patches
[02Jul2025 22:40:10.165] [main/INFO] [quark-zeta/]: Modified advancement minecraft:adventure/kill_all_mobs with 3 patches
[02Jul2025 22:40:10.165] [main/INFO] [quark-zeta/]: Modified advancement minecraft:husbandry/balanced_diet with 3 patches
[02Jul2025 22:40:10.166] [main/INFO] [quark-zeta/]: Modified advancement minecraft:husbandry/plant_seed with 1 patches
[02Jul2025 22:40:10.166] [main/INFO] [quark-zeta/]: Modified advancement minecraft:nether/all_effects with 2 patches
[02Jul2025 22:40:10.166] [main/INFO] [quark-zeta/]: Modified advancement minecraft:husbandry/wax_off with 2 patches
[02Jul2025 22:40:10.166] [main/INFO] [quark-zeta/]: Modified advancement minecraft:adventure/adventuring_time with 1 patches
[02Jul2025 22:40:10.166] [main/INFO] [quark-zeta/]: Modified advancement minecraft:nether/all_potions with 1 patches
[02Jul2025 22:40:10.176] [main/INFO] [Supplementaries/]: Loaded 27 flute songs
[02Jul2025 22:40:10.190] [main/INFO] [botania/]: Loaded 30 Loonium configurations
[02Jul2025 22:40:18.800] [main/INFO] [Moonlight/]: Applied 7 data villager trades
[02Jul2025 22:40:18.854] [main/INFO] [evilcraft/]: 19 Broom modifiers can be applied!
[02Jul2025 22:40:18.939] [main/WARN] [firstaid/registry]: Damage distribution ResourceKey[firstaid:damage_distributions / firstaid:explosion] overwrites previously registered distribution for damage type explosion.player
[02Jul2025 22:40:18.939] [main/WARN] [firstaid/registry]: Damage distribution ResourceKey[firstaid:damage_distributions / firstaid:explosion] overwrites previously registered distribution for damage type explosion
[02Jul2025 22:40:18.939] [main/INFO] [firstaid/registry]: Built local FirstAid registry lookups
[02Jul2025 22:40:18.942] [main/INFO] [Supplementaries/]: Finished additional setup in 0 ms
[02Jul2025 22:40:19.180] [Server thread/INFO] [net.minecraft.server.dedicated.DedicatedServer/]: Starting minecraft server version 1.20.1
[02Jul2025 22:40:19.181] [Server thread/INFO] [net.minecraft.server.dedicated.DedicatedServer/]: Loading properties
[02Jul2025 22:40:19.181] [Server thread/INFO] [net.minecraft.server.dedicated.DedicatedServer/]: Default game type: SURVIVAL
[02Jul2025 22:40:19.182] [Server thread/INFO] [net.minecraft.server.MinecraftServer/]: Generating keypair
[02Jul2025 22:40:19.348] [Server thread/INFO] [net.minecraft.server.dedicated.DedicatedServer/]: Starting Minecraft server on *:25565
[02Jul2025 22:40:19.380] [Server thread/INFO] [net.minecraft.server.network.ServerConnectionListener/]: Using epoll channel type
[02Jul2025 22:40:19.470] [Server thread/WARN] [net.minecraft.server.dedicated.DedicatedServer/]: **** SERVER IS RUNNING IN OFFLINE/INSECURE MODE!
[02Jul2025 22:40:19.470] [Server thread/WARN] [net.minecraft.server.dedicated.DedicatedServer/]: The server will make no attempt to authenticate usernames. Beware.
[02Jul2025 22:40:19.470] [Server thread/WARN] [net.minecraft.server.dedicated.DedicatedServer/]: While this makes the game possible to play without internet access, it also opens up the ability for hackers to connect with any username they choose.
[02Jul2025 22:40:19.470] [Server thread/WARN] [net.minecraft.server.dedicated.DedicatedServer/]: To change this, set "online-mode" to "true" in the server.properties file.
[02Jul2025 22:40:19.494] [Server thread/INFO] [Puzzles Lib/]: Loading server config for easyanvils
[02Jul2025 22:40:19.509] [Server thread/INFO] [Puzzles Lib/]: Loading server config for enchantinginfuser
[02Jul2025 22:40:20.037] [Server thread/INFO] [Framework/]: Loading server configs...
[02Jul2025 22:40:20.074] [Server thread/INFO] [zeta/]: Server starting, accepting filewatcher changes for zeta's config
[02Jul2025 22:40:20.095] [Server thread/INFO] [quark-zeta/]: Server starting, accepting filewatcher changes for quark's config
[02Jul2025 22:40:20.971] [Server thread/INFO] [terrablender/]: Initialized TerraBlender biomes for level stem minecraft:overworld
[02Jul2025 22:40:20.972] [Server thread/INFO] [terrablender/]: Initialized TerraBlender biomes for level stem minecraft:the_nether
[02Jul2025 22:40:20.972] [Server thread/INFO] [net.minecraft.server.dedicated.DedicatedServer/]: Preparing level "world"
[02Jul2025 22:40:21.440] [Server thread/WARN] [yungsapi/]: WARNING: block Block{minecraft:iron_ore} added to BlockStateRandomizer exceeds max probabiltiy of 1!
[02Jul2025 22:40:21.445] [Server thread/INFO] [de.teamlapen.vampirism.GeneralEventHandler/]: Replacing DistanceManager.chunksToUpdateFutures for level ResourceKey[minecraft:dimension / minecraft:overworld] with concurrent set.
[02Jul2025 22:40:27.760] [Server thread/WARN] [yungsapi/]: WARNING: block Block{minecraft:iron_ore} added to BlockStateRandomizer exceeds max probabiltiy of 1!
[02Jul2025 22:40:27.765] [Server thread/INFO] [de.teamlapen.vampirism.GeneralEventHandler/]: Replacing DistanceManager.chunksToUpdateFutures for level ResourceKey[minecraft:dimension / ad_astra:moon_orbit] with concurrent set.
[02Jul2025 22:40:27.796] [Server thread/WARN] [yungsapi/]: WARNING: block Block{minecraft:iron_ore} added to BlockStateRandomizer exceeds max probabiltiy of 1!
[02Jul2025 22:40:27.798] [Server thread/INFO] [de.teamlapen.vampirism.GeneralEventHandler/]: Replacing DistanceManager.chunksToUpdateFutures for level ResourceKey[minecraft:dimension / ad_astra:venus] with concurrent set.
[02Jul2025 22:40:27.827] [Server thread/WARN] [yungsapi/]: WARNING: block Block{minecraft:iron_ore} added to BlockStateRandomizer exceeds max probabiltiy of 1!
[02Jul2025 22:40:27.829] [Server thread/INFO] [de.teamlapen.vampirism.GeneralEventHandler/]: Replacing DistanceManager.chunksToUpdateFutures for level ResourceKey[minecraft:dimension / minecraft:the_end] with concurrent set.
[02Jul2025 22:40:27.838] [Server thread/WARN] [yungsapi/]: WARNING: block Block{minecraft:iron_ore} added to BlockStateRandomizer exceeds max probabiltiy of 1!
[02Jul2025 22:40:27.839] [Server thread/INFO] [de.teamlapen.vampirism.GeneralEventHandler/]: Replacing DistanceManager.chunksToUpdateFutures for level ResourceKey[minecraft:dimension / ad_astra:glacio_orbit] with concurrent set.
[02Jul2025 22:40:27.860] [Server thread/WARN] [yungsapi/]: WARNING: block Block{minecraft:iron_ore} added to BlockStateRandomizer exceeds max probabiltiy of 1!
[02Jul2025 22:40:27.861] [Server thread/INFO] [de.teamlapen.vampirism.GeneralEventHandler/]: Replacing DistanceManager.chunksToUpdateFutures for level ResourceKey[minecraft:dimension / minecraft:the_nether] with concurrent set.
[02Jul2025 22:40:27.864] [Server thread/WARN] [yungsapi/]: WARNING: block Block{minecraft:iron_ore} added to BlockStateRandomizer exceeds max probabiltiy of 1!
[02Jul2025 22:40:27.866] [Server thread/INFO] [de.teamlapen.vampirism.GeneralEventHandler/]: Replacing DistanceManager.chunksToUpdateFutures for level ResourceKey[minecraft:dimension / ad_astra:mars_orbit] with concurrent set.
[02Jul2025 22:40:27.884] [Server thread/WARN] [yungsapi/]: WARNING: block Block{minecraft:iron_ore} added to BlockStateRandomizer exceeds max probabiltiy of 1!
[02Jul2025 22:40:27.885] [Server thread/INFO] [de.teamlapen.vampirism.GeneralEventHandler/]: Replacing DistanceManager.chunksToUpdateFutures for level ResourceKey[minecraft:dimension / twilightforest:twilight_forest] with concurrent set.
[02Jul2025 22:40:27.891] [Server thread/WARN] [yungsapi/]: WARNING: block Block{minecraft:iron_ore} added to BlockStateRandomizer exceeds max probabiltiy of 1!
[02Jul2025 22:40:27.892] [Server thread/INFO] [de.teamlapen.vampirism.GeneralEventHandler/]: Replacing DistanceManager.chunksToUpdateFutures for level ResourceKey[minecraft:dimension / ad_astra:venus_orbit] with concurrent set.
[02Jul2025 22:40:27.897] [Server thread/WARN] [yungsapi/]: WARNING: block Block{minecraft:iron_ore} added to BlockStateRandomizer exceeds max probabiltiy of 1!
[02Jul2025 22:40:27.898] [Server thread/INFO] [de.teamlapen.vampirism.GeneralEventHandler/]: Replacing DistanceManager.chunksToUpdateFutures for level ResourceKey[minecraft:dimension / ad_astra:mercury_orbit] with concurrent set.
[02Jul2025 22:40:27.903] [Server thread/WARN] [yungsapi/]: WARNING: block Block{minecraft:iron_ore} added to BlockStateRandomizer exceeds max probabiltiy of 1!
[02Jul2025 22:40:27.905] [Server thread/INFO] [de.teamlapen.vampirism.GeneralEventHandler/]: Replacing DistanceManager.chunksToUpdateFutures for level ResourceKey[minecraft:dimension / ad_astra:earth_orbit] with concurrent set.
[02Jul2025 22:40:27.915] [Server thread/WARN] [yungsapi/]: WARNING: block Block{minecraft:iron_ore} added to BlockStateRandomizer exceeds max probabiltiy of 1!
[02Jul2025 22:40:27.916] [Server thread/INFO] [de.teamlapen.vampirism.GeneralEventHandler/]: Replacing DistanceManager.chunksToUpdateFutures for level ResourceKey[minecraft:dimension / ad_astra:mercury] with concurrent set.
[02Jul2025 22:40:27.923] [Server thread/WARN] [yungsapi/]: WARNING: block Block{minecraft:iron_ore} added to BlockStateRandomizer exceeds max probabiltiy of 1!
[02Jul2025 22:40:27.924] [Server thread/INFO] [de.teamlapen.vampirism.GeneralEventHandler/]: Replacing DistanceManager.chunksToUpdateFutures for level ResourceKey[minecraft:dimension / the_bumblezone:the_bumblezone] with concurrent set.
[02Jul2025 22:40:27.931] [Server thread/WARN] [yungsapi/]: WARNING: block Block{minecraft:iron_ore} added to BlockStateRandomizer exceeds max probabiltiy of 1!
[02Jul2025 22:40:27.932] [Server thread/INFO] [de.teamlapen.vampirism.GeneralEventHandler/]: Replacing DistanceManager.chunksToUpdateFutures for level ResourceKey[minecraft:dimension / ad_astra:mars] with concurrent set.
[02Jul2025 22:40:27.942] [Server thread/WARN] [yungsapi/]: WARNING: block Block{minecraft:iron_ore} added to BlockStateRandomizer exceeds max probabiltiy of 1!
[02Jul2025 22:40:27.943] [Server thread/INFO] [de.teamlapen.vampirism.GeneralEventHandler/]: Replacing DistanceManager.chunksToUpdateFutures for level ResourceKey[minecraft:dimension / ad_astra:glacio] with concurrent set.
[02Jul2025 22:40:27.953] [Server thread/WARN] [yungsapi/]: WARNING: block Block{minecraft:iron_ore} added to BlockStateRandomizer exceeds max probabiltiy of 1!
[02Jul2025 22:40:27.954] [Server thread/INFO] [de.teamlapen.vampirism.GeneralEventHandler/]: Replacing DistanceManager.chunksToUpdateFutures for level ResourceKey[minecraft:dimension / ad_astra:moon] with concurrent set.
[02Jul2025 22:40:27.962] [Server thread/WARN] [yungsapi/]: WARNING: block Block{minecraft:iron_ore} added to BlockStateRandomizer exceeds max probabiltiy of 1!
[02Jul2025 22:40:27.963] [Server thread/INFO] [de.teamlapen.vampirism.GeneralEventHandler/]: Replacing DistanceManager.chunksToUpdateFutures for level ResourceKey[minecraft:dimension / ae2:spatial_storage] with concurrent set.
[02Jul2025 22:40:27.964] [Server thread/INFO] [net.minecraft.server.MinecraftServer/]: Preparing start region for dimension minecraft:overworld
[02Jul2025 22:40:29.763] [Netty Epoll Server IO #1/INFO] [net.minecraftforge.server.ServerLifecycleHooks/SERVERHOOKS]: Disconnecting Player (server is still starting): literal{Server is still starting! Please wait before reconnecting.}
[02Jul2025 22:40:31.209] [Netty Epoll Server IO #2/INFO] [net.minecraftforge.server.ServerLifecycleHooks/SERVERHOOKS]: Disconnecting Player (server is still starting): literal{Server is still starting! Please wait before reconnecting.}
[02Jul2025 22:40:32.444] [Netty Epoll Server IO #3/INFO] [net.minecraftforge.server.ServerLifecycleHooks/SERVERHOOKS]: Disconnecting Player (server is still starting): literal{Server is still starting! Please wait before reconnecting.}
[02Jul2025 22:40:33.294] [Netty Epoll Server IO #4/INFO] [net.minecraftforge.server.ServerLifecycleHooks/SERVERHOOKS]: Disconnecting Player (server is still starting): literal{Server is still starting! Please wait before reconnecting.}
[02Jul2025 22:40:33.846] [Netty Epoll Server IO #5/INFO] [net.minecraftforge.server.ServerLifecycleHooks/SERVERHOOKS]: Disconnecting Player (server is still starting): literal{Server is still starting! Please wait before reconnecting.}
[02Jul2025 22:40:33.967] [Worker-Main-5/INFO] [net.minecraft.server.level.progress.LoggerChunkProgressListener/]: Preparing spawn area: 0%
[02Jul2025 22:40:34.011] [Worker-Main-3/INFO] [net.minecraft.server.level.progress.LoggerChunkProgressListener/]: Preparing spawn area: 0%
[02Jul2025 22:40:34.027] [Worker-Main-3/INFO] [net.minecraft.server.level.progress.LoggerChunkProgressListener/]: Preparing spawn area: 0%
[02Jul2025 22:40:34.053] [Worker-Main-4/INFO] [net.minecraft.server.level.progress.LoggerChunkProgressListener/]: Preparing spawn area: 0%
[02Jul2025 22:40:34.066] [Worker-Main-4/INFO] [net.minecraft.server.level.progress.LoggerChunkProgressListener/]: Preparing spawn area: 0%
[02Jul2025 22:40:34.076] [Worker-Main-3/INFO] [net.minecraft.server.level.progress.LoggerChunkProgressListener/]: Preparing spawn area: 0%
[02Jul2025 22:40:34.201] [Worker-Main-4/INFO] [net.minecraft.server.level.progress.LoggerChunkProgressListener/]: Preparing spawn area: 0%
[02Jul2025 22:40:34.210] [Worker-Main-4/INFO] [net.minecraft.server.level.progress.LoggerChunkProgressListener/]: Preparing spawn area: 0%
[02Jul2025 22:40:34.246] [Worker-Main-5/INFO] [net.minecraft.server.level.progress.LoggerChunkProgressListener/]: Preparing spawn area: 0%
[02Jul2025 22:40:34.263] [Worker-Main-5/INFO] [net.minecraft.server.level.progress.LoggerChunkProgressListener/]: Preparing spawn area: 0%
[02Jul2025 22:40:34.296] [Worker-Main-3/INFO] [net.minecraft.server.level.progress.LoggerChunkProgressListener/]: Preparing spawn area: 0%
[02Jul2025 22:40:34.301] [Netty Epoll Server IO #6/INFO] [net.minecraftforge.server.ServerLifecycleHooks/SERVERHOOKS]: Disconnecting Player (server is still starting): literal{Server is still starting! Please wait before reconnecting.}
[02Jul2025 22:40:34.329] [Worker-Main-3/INFO] [net.minecraft.server.level.progress.LoggerChunkProgressListener/]: Preparing spawn area: 0%
[02Jul2025 22:40:34.359] [Worker-Main-4/INFO] [net.minecraft.server.level.progress.LoggerChunkProgressListener/]: Preparing spawn area: 0%
[02Jul2025 22:40:34.466] [Worker-Main-5/INFO] [net.minecraft.server.level.progress.LoggerChunkProgressListener/]: Preparing spawn area: 0%
[02Jul2025 22:40:34.848] [Netty Epoll Server IO #7/INFO] [net.minecraftforge.server.ServerLifecycleHooks/SERVERHOOKS]: Disconnecting Player (server is still starting): literal{Server is still starting! Please wait before reconnecting.}
[02Jul2025 22:40:34.982] [Worker-Main-4/INFO] [net.minecraft.server.level.progress.LoggerChunkProgressListener/]: Preparing spawn area: 0%
[02Jul2025 22:40:35.253] [Netty Epoll Server IO #0/INFO] [net.minecraftforge.server.ServerLifecycleHooks/SERVERHOOKS]: Disconnecting Player (server is still starting): literal{Server is still starting! Please wait before reconnecting.}
[02Jul2025 22:40:35.487] [Worker-Main-3/INFO] [net.minecraft.server.level.progress.LoggerChunkProgressListener/]: Preparing spawn area: 0%
[02Jul2025 22:40:35.716] [Netty Epoll Server IO #1/INFO] [net.minecraftforge.server.ServerLifecycleHooks/SERVERHOOKS]: Disconnecting Player (server is still starting): literal{Server is still starting! Please wait before reconnecting.}
[02Jul2025 22:40:35.969] [Worker-Main-3/INFO] [net.minecraft.server.level.progress.LoggerChunkProgressListener/]: Preparing spawn area: 12%
[02Jul2025 22:40:36.190] [Netty Epoll Server IO #2/INFO] [net.minecraftforge.server.ServerLifecycleHooks/SERVERHOOKS]: Disconnecting Player (server is still starting): literal{Server is still starting! Please wait before reconnecting.}
[02Jul2025 22:40:36.466] [Worker-Main-5/INFO] [net.minecraft.server.level.progress.LoggerChunkProgressListener/]: Preparing spawn area: 68%
[02Jul2025 22:40:36.621] [Netty Epoll Server IO #3/INFO] [net.minecraftforge.server.ServerLifecycleHooks/SERVERHOOKS]: Disconnecting Player (server is still starting): literal{Server is still starting! Please wait before reconnecting.}
[02Jul2025 22:40:36.873] [Server thread/INFO] [net.minecraft.server.level.progress.LoggerChunkProgressListener/]: Time elapsed: 8908 ms
[02Jul2025 22:40:36.874] [Server thread/INFO] [net.minecraft.server.dedicated.DedicatedServer/]: Done (17.386s)! For help, type "help"
[02Jul2025 22:40:37.013] [Server thread/INFO] [net.minecraftforge.server.permission.PermissionAPI/]: Successfully initialized permission handler forge:default_handler
[02Jul2025 22:40:37.043] [Server thread/INFO] [atomicstryker.multimine.common.MultiMine/]: MultiMine ServerStartedEvent
[02Jul2025 22:40:37.043] [Server thread/INFO] [atomicstryker.multimine.common.MultiMine/]: config loading now
[02Jul2025 22:40:37.045] [Server thread/INFO] [atomicstryker.multimine.common.MultiMine/]: config loaded successfully
[02Jul2025 22:40:37.046] [Server thread/INFO] [cyclopscore/]: Loading infobook /data/cyclopscore/info/test.xml
[02Jul2025 22:40:37.060] [Server thread/INFO] [evilcraft/]: Loading infobook /data/evilcraft/info/book.xml
[02Jul2025 22:40:37.086] [Netty Epoll Server IO #4/INFO] [net.minecraftforge.server.ServerLifecycleHooks/SERVERHOOKS]: Disconnecting Player (server is still starting): literal{Server is still starting! Please wait before reconnecting.}
[02Jul2025 22:40:37.108] [Server thread/WARN] [evilcraft/]: Invalid appendix info_book.evilcraft.second_age.tools.broom from mod evilcraft in an infobook: The broom modifier evilcraft:witherer has no valid items
[02Jul2025 22:40:37.108] [Server thread/WARN] [evilcraft/]: Invalid appendix info_book.evilcraft.second_age.tools.broom from mod evilcraft in an infobook: The broom modifier evilcraft:hungerer has no valid items
[02Jul2025 22:40:37.109] [Server thread/WARN] [evilcraft/]: Invalid appendix info_book.evilcraft.second_age.tools.broom from mod evilcraft in an infobook: The broom modifier evilcraft:kamikaze has no valid items
[02Jul2025 22:40:37.109] [Server thread/WARN] [evilcraft/]: Invalid appendix info_book.evilcraft.second_age.tools.broom from mod evilcraft in an infobook: The broom modifier evilcraft:withershield has no valid items
[02Jul2025 22:40:37.162] [Server thread/INFO] [com.github.alexthe666.iceandfire.IceAndFire/]: {iceandfire:fire_dragon_roost=true, iceandfire:fire_lily=true, iceandfire:spawn_dragon_skeleton_fire=true, iceandfire:lightning_dragon_roost=true, iceandfire:spawn_dragon_skeleton_lightning=true, iceandfire:ice_dragon_roost=true, iceandfire:ice_dragon_cave=true, iceandfire:lightning_dragon_cave=true, iceandfire:cyclops_cave=true, iceandfire:spawn_wandering_cyclops=true, iceandfire:spawn_sea_serpent=true, iceandfire:frost_lily=true, iceandfire:hydra_cave=true, iceandfire:lightning_lily=true, iceandfire:pixie_village=true, iceandfire:myrmex_hive_jungle=true, iceandfire:myrmex_hive_desert=true, iceandfire:silver_ore=true, iceandfire:siren_island=true, iceandfire:spawn_dragon_skeleton_ice=true, iceandfire:spawn_stymphalian_bird=true, iceandfire:fire_dragon_cave=true, iceandfire:sapphire_ore=true, iceandfire:spawn_hippocampus=true, iceandfire:spawn_death_worm=true}
[02Jul2025 22:40:37.162] [Server thread/INFO] [com.github.alexthe666.iceandfire.IceAndFire/]: {TROLL_S=true, HIPPOGRYPH=true, AMPHITHERE=true, COCKATRICE=true, TROLL_M=true, DREAD_LICH=true, TROLL_F=true}
[02Jul2025 22:40:37.287] [Server thread/ERROR] [net.bettercombat.logic.WeaponRegistry/]: Failed to resolve weapon attributes for: apocalypsenow:executioners_sword. Reason: Non [a-z0-9/._-] character in path of location: bettercombat:Claymore
[02Jul2025 22:40:37.351] [Server thread/INFO] [net.bettercombat.logic.WeaponRegistry/]: Encoded Weapon Attribute registry size (with package overhead): 202427 bytes (in 21 string chunks with the size of 10000)
[02Jul2025 22:40:37.401] [Server thread/WARN] [net.minecraft.network.syncher.SynchedEntityData/]: defineId called for: class net.minecraft.world.entity.player.Player from class tschipp.carryon.common.carry.CarryOnDataManager
[02Jul2025 22:40:37.538] [Server thread/INFO] [patchouli/]: Sending reload packet to clients
[02Jul2025 22:40:37.542] [Netty Epoll Server IO #6/INFO] [net.minecraftforge.server.ServerLifecycleHooks/SERVERHOOKS]: Disconnecting Player (server is still starting): literal{Server is still starting! Please wait before reconnecting.}
[02Jul2025 22:40:37.551] [Server thread/WARN] [voicechat/]: [voicechat] Running in offline mode - Voice chat encryption is not secure!
[02Jul2025 22:40:37.576] [VoiceChatServerThread/INFO] [voicechat/]: [voicechat] Voice chat server started at port 24454
[02Jul2025 22:40:43.571] [Server thread/INFO] [net.minecraft.server.players.PlayerList/]: JhonxMax[/100.96.139.8:4380] logged in with entity id 79 at (1308.3584441595708, 67.0, 3918.9242351897424)
[02Jul2025 22:40:44.130] [Server thread/INFO] [net.minecraft.server.MinecraftServer/]: JhonxMax joined the game
[02Jul2025 22:40:44.236] [Server thread/INFO] [me.edoren.skin_changer.server.SkinProviderController/]: Player JhonxMax just logged in with id 1966eafa-2b32-3407-a5ab-3f25d94eec4a
[02Jul2025 22:40:44.247] [ForkJoinPool-3-worker-1/INFO] [me.edoren.skin_changer.server.SkinProviderController/]: Loading local skin for player JhonxMax[1966eafa-2b32-3407-a5ab-3f25d94eec4a]
[02Jul2025 22:40:44.277] [Server thread/INFO] [Jade/]: Syncing config to JhonxMax (1966eafa-2b32-3407-a5ab-3f25d94eec4a)
[02Jul2025 22:40:44.864] [ForkJoinPool-3-worker-1/INFO] [me.edoren.skin_changer.common.NetworkUtils/]: Error downloading file https://playerdb.co/api/player/minecraft/JhonxMax
[02Jul2025 22:40:46.559] [Server thread/INFO] [voicechat/]: [voicechat] Received secret request of JhonxMax (18)
[02Jul2025 22:40:46.566] [Server thread/INFO] [voicechat/]: [voicechat] Sent secret to JhonxMax
[02Jul2025 22:40:46.597] [Server thread/WARN] [net.minecraft.server.MinecraftServer/]: Can't keep up! Is the server overloaded? Running 3319ms or 66 ticks behind
[02Jul2025 22:41:00.011] [VoiceChatPacketProcessingThread/INFO] [voicechat/]: [voicechat] Successfully authenticated player 1966eafa-2b32-3407-a5ab-3f25d94eec4a
[02Jul2025 22:41:01.004] [VoiceChatPacketProcessingThread/INFO] [voicechat/]: [voicechat] Successfully validated connection of player 1966eafa-2b32-3407-a5ab-3f25d94eec4a
[02Jul2025 22:41:01.020] [VoiceChatPacketProcessingThread/INFO] [voicechat/]: [voicechat] Player JhonxMax (1966eafa-2b32-3407-a5ab-3f25d94eec4a) successfully connected to voice chat
[02Jul2025 22:41:12.571] [Server thread/WARN] [net.minecraft.server.MinecraftServer/]: Can't keep up! Is the server overloaded? Running 10993ms or 219 ticks behind
[02Jul2025 22:44:54.856] [Server thread/ERROR] [noobanidus.mods.lootr.api.LootrAPI/]: Unable to fill loot chest in minecraft:overworld at BlockPos{x=1333, y=81, z=3932} as the loot table 'ati_structures:chests/archer_chest' couldn't be resolved! Please search the loot table in `latest.log` to see if there are errors in loading.
[02Jul2025 22:52:45.746] [Server thread/INFO] [net.minecraft.server.MinecraftServer/]: JhonxMax has made the advancement [Bonfire Lit]
[02Jul2025 23:00:22.496] [Server thread/INFO] [net.minecraft.server.MinecraftServer/]: JhonxMax has made the advancement [Take Aim]
[02Jul2025 23:02:16.575] [Server thread/INFO] [net.minecraft.server.MinecraftServer/]: [Not Secure] <JhonxMax> a
[02Jul2025 23:02:19.618] [ForkJoinPool-3-worker-2/INFO] [me.edoren.skin_changer.server.ServerMessageHandler/]: Requested skin for player Corfiot[533e435d-1165-4f0b-abbd-865fedd45766]
[02Jul2025 23:02:19.819] [ForkJoinPool-3-worker-2/INFO] [me.edoren.skin_changer.common.NetworkUtils/]: File https://playerdb.co/api/player/minecraft/Corfiot downloaded
[02Jul2025 23:02:20.117] [ForkJoinPool-3-worker-2/INFO] [me.edoren.skin_changer.common.NetworkUtils/]: File https://crafatar.com/skins/533e435d-1165-4f0b-abbd-865fedd45766 downloaded
[02Jul2025 23:02:20.117] [ForkJoinPool-3-worker-2/INFO] [me.edoren.skin_changer.server.SkinProviderController/]: Loaded skin for player Corfiot[533e435d-1165-4f0b-abbd-865fedd45766]
[02Jul2025 23:02:54.391] [Server thread/ERROR] [noobanidus.mods.lootr.api.LootrAPI/]: Unable to fill loot barrel in minecraft:overworld at BlockPos{x=1695, y=73, z=4486} as the loot table 'ati_structures:chests/archer_chest' couldn't be resolved! Please search the loot table in `latest.log` to see if there are errors in loading.
[02Jul2025 23:03:28.773] [ForkJoinPool-3-worker-3/INFO] [me.edoren.skin_changer.server.ServerMessageHandler/]: Requested skin for player Gilgamesh[5f17cae3-f940-430b-8647-8ff68804476f]
[02Jul2025 23:03:28.955] [ForkJoinPool-3-worker-3/INFO] [me.edoren.skin_changer.common.NetworkUtils/]: File https://playerdb.co/api/player/minecraft/Gilgamesh downloaded
[02Jul2025 23:03:29.176] [ForkJoinPool-3-worker-3/INFO] [me.edoren.skin_changer.common.NetworkUtils/]: File https://crafatar.com/skins/5f17cae3-f940-430b-8647-8ff68804476f downloaded
[02Jul2025 23:03:29.177] [ForkJoinPool-3-worker-3/INFO] [me.edoren.skin_changer.server.SkinProviderController/]: Loaded skin for player Gilgamesh[5f17cae3-f940-430b-8647-8ff68804476f]
[02Jul2025 23:03:59.988] [Server thread/ERROR] [noobanidus.mods.lootr.api.LootrAPI/]: Unable to fill loot barrel in minecraft:overworld at BlockPos{x=1698, y=90, z=4491} as the loot table 'ati_structures:chests/archer_chest' couldn't be resolved! Please search the loot table in `latest.log` to see if there are errors in loading.
[02Jul2025 23:07:32.001] [Server thread/INFO] [net.minecraft.server.MinecraftServer/]: JhonxMax did not like the sun
[02Jul2025 23:07:32.023] [Thread-54/INFO] [corelib/]: Removed death file of 'DracuYucy' (3db62093-2a65-486d-b2c4-f3aabc4e173b), since it is older than 172800000 milliseconds
[02Jul2025 23:07:32.028] [Thread-54/INFO] [corelib/]: Removed death file of 'DracuYucy' (c325e865-3968-4619-93dc-f40a803a89e6), since it is older than 172800000 milliseconds
[02Jul2025 23:07:32.089] [Thread-54/INFO] [corelib/]: Removed death file of 'DracuYucy' (7f51f2fd-5914-4426-9de5-a70d7f5153ec), since it is older than 172800000 milliseconds
[02Jul2025 23:07:32.102] [Thread-54/INFO] [corelib/]: Removed death file of 'DracuYucy' (a5d471e7-5e8f-425d-8f17-65065169ef85), since it is older than 172800000 milliseconds
[02Jul2025 23:07:32.107] [Thread-54/INFO] [corelib/]: Removed death file of 'DracuYucy' (520c09de-9c1c-4f79-a1e7-8ab4c1234d3e), since it is older than 172800000 milliseconds
[02Jul2025 23:07:32.110] [Thread-54/INFO] [corelib/]: Removed death file of 'DracuYucy' (754d3e47-4702-4790-8025-e8f02cf00940), since it is older than 172800000 milliseconds
[02Jul2025 23:07:32.116] [Thread-54/INFO] [corelib/]: Removed death file of 'DracuYucy' (425646ab-f3fa-4ede-bdd0-22c1d2c544ab), since it is older than 172800000 milliseconds
[02Jul2025 23:07:32.121] [Thread-54/INFO] [corelib/]: Removed death file of 'DracuYucy' (c2d91788-eaf4-40b1-88f7-aba445bc6439), since it is older than 172800000 milliseconds
[02Jul2025 23:07:32.123] [Thread-54/INFO] [corelib/]: Removed death file of 'DracuYucy' (7d3d25d7-3e61-42e7-9cb4-ce6529cad941), since it is older than 172800000 milliseconds
[02Jul2025 23:07:32.127] [Thread-54/INFO] [corelib/]: Removed death file of 'DracuYucy' (c1992579-9ad6-4027-9254-6161f7fb7fab), since it is older than 172800000 milliseconds
[02Jul2025 23:07:32.130] [Thread-54/INFO] [corelib/]: Removed death file of 'DracuYucy' (88d21bb9-d7b9-4730-af5b-f248e4ab7997), since it is older than 172800000 milliseconds
[02Jul2025 23:07:32.131] [Thread-54/INFO] [corelib/]: Removed death file of 'DracuYucy' (fdc883e2-f4e9-40bd-ac70-b1f3c5cec623), since it is older than 172800000 milliseconds
[02Jul2025 23:07:32.135] [Thread-54/INFO] [corelib/]: Removed death file of 'DracuYucy' (87c25e26-fd87-4f46-935b-d232a7c15ef9), since it is older than 172800000 milliseconds
[02Jul2025 23:07:32.139] [Thread-54/INFO] [corelib/]: Removed death file of 'DracuYucy' (c07519bc-4650-4003-ba98-19f2f8003d5a), since it is older than 172800000 milliseconds
[02Jul2025 23:07:32.170] [Thread-54/INFO] [corelib/]: Removed death file of 'JhonxMax' (733b30f7-7ee7-48d7-bf75-382376459958), since it is older than 172800000 milliseconds
[02Jul2025 23:07:32.176] [Thread-54/INFO] [corelib/]: Removed death file of 'JhonxMax' (a5a37896-8a4b-4bcc-ab1e-66cb88970df9), since it is older than 172800000 milliseconds
[02Jul2025 23:07:32.183] [Thread-54/INFO] [corelib/]: Removed death file of 'JhonxMax' (c040ba66-1df9-4bec-a994-e0446374c253), since it is older than 172800000 milliseconds
[02Jul2025 23:07:32.186] [Thread-54/INFO] [corelib/]: Removed death file of 'JhonxMax' (cc8386b6-398a-437d-b57d-0e73dbdde180), since it is older than 172800000 milliseconds
[02Jul2025 23:07:32.192] [Thread-54/INFO] [corelib/]: Removed death file of 'JhonxMax' (186d7e03-e222-4094-aaa0-d1f50d58fa11), since it is older than 172800000 milliseconds
[02Jul2025 23:07:32.194] [Thread-54/INFO] [corelib/]: Removed death file of 'JhonxMax' (f10505d0-f60a-4324-ba12-d4b04144fdbf), since it is older than 172800000 milliseconds
[02Jul2025 23:07:32.202] [Thread-54/INFO] [corelib/]: Removed death file of 'JhonxMax' (b66a85c4-dc5a-480d-8cdb-5fe7f926621e), since it is older than 172800000 milliseconds
[02Jul2025 23:07:32.205] [Thread-54/INFO] [corelib/]: Removed death file of 'JhonxMax' (c675159b-29aa-4d9a-81a0-56a7cc9b5455), since it is older than 172800000 milliseconds
[02Jul2025 23:07:32.212] [Thread-54/INFO] [corelib/]: Removed death file of 'JhonxMax' (c7108f3b-8ebe-487e-8f1d-e0893d32a3c4), since it is older than 172800000 milliseconds
[02Jul2025 23:07:32.218] [Thread-54/INFO] [corelib/]: Removed death file of 'JhonxMax' (11e5c8e8-def1-4b61-9a28-c27c8ecd4d9e), since it is older than 172800000 milliseconds
[02Jul2025 23:07:32.224] [Thread-54/INFO] [corelib/]: Removed death file of 'JhonxMax' (8c694168-175d-49f9-ab25-64915135caa7), since it is older than 172800000 milliseconds
[02Jul2025 23:07:32.225] [Thread-54/INFO] [corelib/]: Removed death file of 'JhonxMax' (b9af0176-4944-436d-8b19-074f1d5ba4f3), since it is older than 172800000 milliseconds
[02Jul2025 23:07:32.231] [Thread-54/INFO] [corelib/]: Removed death file of 'JhonxMax' (70023e65-23d5-4dcf-bde3-28077e36036f), since it is older than 172800000 milliseconds
[02Jul2025 23:07:32.236] [Thread-54/INFO] [corelib/]: Removed death file of 'JhonxMax' (23b2b734-b5b8-4ce0-b625-3eb78424853c), since it is older than 172800000 milliseconds
[02Jul2025 23:07:32.238] [Thread-54/INFO] [corelib/]: Removed death file of 'JhonxMax' (f7dbc9d9-824c-48ba-90ee-7869e2f813f1), since it is older than 172800000 milliseconds
[02Jul2025 23:07:32.244] [Thread-54/INFO] [corelib/]: Removed death file of 'JhonxMax' (f608e043-7ca7-4337-8eae-54d14a91709c), since it is older than 172800000 milliseconds
[02Jul2025 23:07:32.248] [Thread-54/INFO] [corelib/]: Removed death file of 'JhonxMax' (cc253b2d-861e-4ba8-b092-d9a2c9dc42d7), since it is older than 172800000 milliseconds
[02Jul2025 23:07:32.255] [Thread-54/INFO] [corelib/]: Removed death file of 'JhonxMax' (1c6ce0cb-67d1-4ccf-96c3-7b20418733a7), since it is older than 172800000 milliseconds
[02Jul2025 23:07:32.260] [Thread-54/INFO] [corelib/]: Removed death file of 'JhonxMax' (2f7714b3-b1ab-4070-b57b-a8539d7f5eca), since it is older than 172800000 milliseconds
[02Jul2025 23:07:32.263] [Thread-54/INFO] [corelib/]: Removed death file of 'JhonxMax' (87fa1c24-73e2-471b-ac76-6cb3e4848ef2), since it is older than 172800000 milliseconds
[02Jul2025 23:07:32.264] [Thread-54/INFO] [corelib/]: Removed death file of 'JhonxMax' (ab3b5c23-abce-43ef-b446-6c6a589a96ff), since it is older than 172800000 milliseconds
[02Jul2025 23:07:32.269] [Thread-54/INFO] [corelib/]: Removed death file of 'JhonxMax' (f2b97f32-2eb4-4dec-a44d-1721e718fcd1), since it is older than 172800000 milliseconds
[02Jul2025 23:07:32.276] [Thread-54/INFO] [corelib/]: Removed death file of 'JhonxMax' (7b4f8e1a-2137-4aa9-bcc2-483e09194355), since it is older than 172800000 milliseconds
[02Jul2025 23:07:32.283] [Thread-54/INFO] [corelib/]: Removed death file of 'JhonxMax' (5ce36468-dff6-4f83-876d-7fc2ffc5e2bc), since it is older than 172800000 milliseconds
[02Jul2025 23:07:32.288] [Thread-54/INFO] [corelib/]: Removed death file of 'JhonxMax' (c2057e10-bfd7-467f-9643-1098e59db0ee), since it is older than 172800000 milliseconds
[02Jul2025 23:07:32.293] [Thread-54/INFO] [corelib/]: Removed death file of 'JhonxMax' (3ee55f12-adf0-4a24-9d66-5f2933f09d28), since it is older than 172800000 milliseconds
[02Jul2025 23:07:32.294] [Thread-54/INFO] [corelib/]: Removed death file of 'JhonxMax' (9c8b3040-7ebe-4135-8c90-9e108346d609), since it is older than 172800000 milliseconds
[02Jul2025 23:07:32.297] [Thread-54/INFO] [corelib/]: Removed death file of 'JhonxMax' (1d7155cc-56ef-4663-9fb7-f6ad649df851), since it is older than 172800000 milliseconds
[02Jul2025 23:07:32.302] [Thread-54/INFO] [corelib/]: Removed death file of 'JhonxMax' (bdbceec9-bedc-4bec-883f-b7686f41c7de), since it is older than 172800000 milliseconds
[02Jul2025 23:07:32.304] [Thread-54/INFO] [corelib/]: Removed death file of 'JhonxMax' (300a5e07-7549-4460-b228-160101d6ad91), since it is older than 172800000 milliseconds
[02Jul2025 23:07:32.310] [Thread-54/INFO] [corelib/]: Removed death file of 'JhonxMax' (6b7d21e7-0a18-49b4-8e63-cf9c28a34293), since it is older than 172800000 milliseconds
[02Jul2025 23:07:32.310] [Thread-54/INFO] [corelib/]: Removed death file of 'JhonxMax' (43c5f535-27b5-4ffd-b14d-94fabe4089b4), since it is older than 172800000 milliseconds
[02Jul2025 23:07:32.316] [Thread-54/INFO] [corelib/]: Removed death file of 'JhonxMax' (afff4b0a-71e7-4bef-8c36-e24485ab72e7), since it is older than 172800000 milliseconds
[02Jul2025 23:07:32.317] [Thread-54/INFO] [corelib/]: Removed death file of 'JhonxMax' (5b5a0751-867d-47d9-9eb6-84e1c78c0cf1), since it is older than 172800000 milliseconds
[02Jul2025 23:07:32.321] [Thread-54/INFO] [corelib/]: Removed death file of 'JhonxMax' (4d37ba9e-e991-4b64-ba96-9d01ff6712f6), since it is older than 172800000 milliseconds
[02Jul2025 23:07:32.325] [Thread-54/INFO] [corelib/]: Removed death file of 'JhonxMax' (c9d941b4-365e-4230-93f2-e75270473258), since it is older than 172800000 milliseconds
[02Jul2025 23:07:32.331] [Thread-54/INFO] [corelib/]: Removed death file of 'JhonxMax' (23c3f87c-03cf-4609-bd6a-5774a166517b), since it is older than 172800000 milliseconds
[02Jul2025 23:07:32.338] [Thread-54/INFO] [corelib/]: Removed death file of 'JhonxMax' (920b9524-04c4-466c-969e-029b4d4cc4cb), since it is older than 172800000 milliseconds
[02Jul2025 23:15:30.839] [Server thread/WARN] [net.minecraft.server.network.ServerGamePacketListenerImpl/]: JhonxMax moved too quickly! 3.923420835395973,2.531382340115016,8.981996788687866
[02Jul2025 23:15:38.752] [Server thread/INFO] [net.minecraft.server.MinecraftServer/]: [Not Secure] <JhonxMax> a
[02Jul2025 23:15:42.438] [Server thread/INFO] [net.minecraft.server.MinecraftServer/]: [Not Secure] * Server a
[02Jul2025 23:15:48.306] [Server thread/INFO] [net.minecraft.server.MinecraftServer/]: [Not Secure] <JhonxMax> a
[02Jul2025 23:16:17.468] [Server thread/WARN] [net.minecraft.server.network.ServerGamePacketListenerImpl/]: JhonxMax moved too quickly! 0.4385398585866369,0.0,10.19006672380874
[02Jul2025 23:25:43.357] [Server thread/INFO] [net.minecraft.server.MinecraftServer/]: [JhonxMax: Killed 3 entities]
